timestamp,zone_id,temp_C,CO_ppm,CH4_pct,CO2_pct,O2_pct,air_temp_C,RH_pct,rain_mm,wind_ms,thermal_index,confirmed_event
2026-09-08 10:00:00,A,38.74,6.25,5.883,18.451,12.246,33.04,60.2,0.0,1.26,0.23,0
2026-09-08 10:10:00,A,38.71,8.21,5.317,17.917,12.489,33.06,59.9,0.0,1.25,0.237,0
2026-09-08 10:20:00,A,38.67,7.84,5.865,18.783,12.798,33.43,58.7,0.0,1.89,0.238,0
2026-09-08 10:30:00,A,39.01,8.59,5.728,18.606,12.616,33.46,56.2,0.0,3.03,0.223,0
2026-09-08 10:40:00,A,39.21,7.09,5.974,18.393,12.145,34.01,55.4,0.0,2.14,0.213,0
2026-09-08 10:50:00,A,39.82,8.11,5.594,18.43,12.989,33.87,58.3,0.0,1.89,0.218,0
2026-09-08 11:00:00,A,39.26,7.98,5.659,18.826,12.005,33.5,60.3,0.0,1.71,0.241,0
2026-09-08 11:10:00,A,38.82,6.84,5.659,18.494,13.084,34.04,58.9,0.0,1.69,0.213,0
2026-09-08 11:20:00,A,39.53,6.4,5.681,18.418,12.225,33.95,55.2,0.0,3.23,0.238,0
2026-09-08 11:30:00,A,38.95,5.78,5.474,18.887,12.822,34.0,55.8,0.0,0.98,0.234,0
2026-09-08 11:40:00,A,39.4,6.47,5.579,17.955,12.476,33.61,53.6,0.0,2.04,0.206,0
2026-09-08 11:50:00,A,40.17,7.72,6.173,19.106,12.262,34.1,53.4,0.0,1.64,0.223,0
2026-09-08 12:00:00,A,39.0,7.11,5.623,18.577,12.261,34.1,56.3,0.0,1.06,0.22,0
2026-09-08 12:10:00,A,39.34,7.96,5.858,17.491,12.535,33.43,56.7,0.0,1.18,0.225,0
2026-09-08 12:20:00,A,39.11,6.42,5.841,18.795,12.408,33.86,54.0,0.0,1.65,0.217,0
2026-09-08 12:30:00,A,39.34,8.11,6.043,19.408,13.11,34.14,58.2,0.0,1.51,0.233,0
2026-09-08 12:40:00,A,39.25,6.83,5.789,19.403,12.449,33.95,56.7,0.0,2.1,0.246,0
2026-09-08 12:50:00,A,39.16,6.54,5.778,18.886,12.747,34.5,56.8,0.0,1.01,0.211,0
2026-09-08 13:00:00,A,39.29,7.86,5.545,19.588,12.106,34.53,54.9,0.0,2.56,0.197,0
2026-09-08 13:10:00,A,39.53,7.87,5.826,18.248,12.24,34.17,56.0,0.0,1.02,0.207,0
2026-09-08 13:20:00,A,38.93,6.17,5.57,18.828,12.653,34.27,53.5,0.0,2.12,0.212,0
2026-09-08 13:30:00,A,39.24,5.95,6.063,18.534,12.425,34.11,52.6,0.0,0.7,0.244,0
2026-09-08 13:40:00,A,39.95,7.03,5.693,19.006,12.644,34.18,57.7,0.0,1.44,0.213,0
2026-09-08 13:50:00,A,39.48,7.48,6.027,18.418,12.508,33.4,52.7,0.0,2.34,0.219,0
2026-09-08 14:00:00,A,39.62,5.12,5.725,17.559,12.543,34.21,53.9,0.0,2.96,0.228,0
2026-09-08 14:10:00,A,39.37,7.17,5.668,18.691,12.62,33.98,55.1,0.0,2.52,0.206,0
2026-09-08 14:20:00,A,39.23,6.95,6.035,19.145,12.323,34.09,55.4,0.0,1.72,0.236,0
2026-09-08 14:30:00,A,39.83,6.8,6.155,19.088,11.997,34.15,58.1,0.0,1.32,0.194,0
2026-09-08 14:40:00,A,38.89,8.12,5.845,18.216,12.477,34.27,58.9,0.0,0.9,0.224,0
2026-09-08 14:50:00,A,38.93,6.83,5.818,18.652,12.822,33.77,59.2,0.0,1.9,0.225,0
2026-09-08 15:00:00,A,39.59,6.9,5.766,18.585,12.676,33.6,57.9,0.0,2.72,0.205,0
2026-09-08 15:10:00,A,39.38,5.38,5.332,17.951,12.23,33.23,60.5,0.0,2.07,0.201,0
2026-09-08 15:20:00,A,38.87,8.06,6.068,19.168,12.802,33.03,59.1,0.0,1.52,0.219,0
2026-09-08 15:30:00,A,38.94,6.69,5.946,17.694,12.504,33.31,53.9,0.0,1.74,0.233,0
2026-09-08 15:40:00,A,39.83,6.86,5.63,19.11,12.565,33.08,59.0,0.0,1.36,0.202,0
2026-09-08 15:50:00,A,39.33,8.89,5.717,18.831,12.815,33.0,59.7,0.0,1.19,0.227,0
2026-09-08 16:00:00,A,39.56,7.63,5.75,18.967,12.891,33.68,56.9,0.0,1.85,0.216,0
2026-09-08 16:10:00,A,39.21,6.15,5.91,18.777,12.172,33.51,59.4,0.0,1.54,0.213,0
2026-09-08 16:20:00,A,38.77,5.14,5.777,17.95,12.685,33.13,59.6,0.0,2.29,0.174,0
2026-09-08 16:30:00,A,39.17,4.84,6.034,20.036,12.296,33.74,57.6,0.0,1.36,0.218,0
2026-09-08 16:40:00,A,38.95,8.55,5.774,18.747,12.085,33.29,62.2,0.0,1.92,0.208,0
2026-09-08 16:50:00,A,37.89,6.01,5.92,18.98,12.723,32.97,59.6,0.0,1.39,0.232,0
2026-09-08 17:00:00,A,38.23,6.89,5.467,17.677,11.986,31.7,64.5,0.0,1.4,0.206,0
2026-09-08 17:10:00,A,38.61,7.28,5.914,18.604,12.934,32.7,62.4,0.0,2.46,0.225,0
2026-09-08 17:20:00,A,39.31,8.56,6.068,19.154,12.166,32.43,61.9,0.0,2.6,0.235,0
2026-09-08 17:30:00,A,38.63,8.27,5.713,18.295,12.409,32.08,65.3,0.0,1.31,0.238,0
2026-09-08 17:40:00,A,38.47,7.8,5.766,19.831,12.61,32.18,66.5,0.0,1.2,0.209,0
2026-09-08 17:50:00,A,38.25,9.02,5.845,18.337,12.516,31.91,66.0,0.0,2.37,0.225,0
2026-09-08 18:00:00,A,38.67,7.26,5.571,17.85,12.429,31.18,63.4,0.0,1.31,0.201,0
2026-09-08 18:10:00,A,38.34,5.57,5.758,18.277,12.599,31.58,64.8,0.0,0.71,0.206,0
2026-09-08 18:20:00,A,38.84,5.41,5.565,18.524,12.653,31.4,66.6,0.0,2.49,0.218,0
2026-09-08 18:30:00,A,38.03,5.72,5.756,18.187,11.977,30.93,65.9,0.0,1.0,0.218,0
2026-09-08 18:40:00,A,37.83,7.44,6.014,18.457,12.943,31.6,66.1,0.0,2.33,0.215,0
2026-09-08 18:50:00,A,38.24,7.15,5.713,18.046,12.503,31.0,68.4,0.0,2.43,0.22,0
2026-09-08 19:00:00,A,37.53,6.09,5.543,18.513,11.739,30.62,67.3,0.0,1.08,0.231,0
2026-09-08 19:10:00,A,38.21,7.04,6.005,19.253,12.876,30.3,67.4,0.0,2.45,0.243,0
2026-09-08 19:20:00,A,37.22,7.66,5.42,17.401,12.9,31.02,68.3,0.0,2.8,0.218,0
2026-09-08 19:30:00,A,37.72,6.42,6.326,19.031,12.271,30.57,69.0,0.0,2.5,0.238,0
2026-09-08 19:40:00,A,38.43,5.17,5.738,18.846,12.58,29.71,72.6,0.0,2.06,0.224,0
2026-09-08 19:50:00,A,37.62,5.61,5.617,18.676,12.46,30.75,69.6,0.0,1.52,0.22,0
2026-09-08 20:00:00,A,37.4,7.82,5.596,18.967,12.311,30.29,70.7,0.0,1.8,0.207,0
2026-09-08 20:10:00,A,37.0,7.63,5.736,19.383,13.169,30.22,71.7,0.0,1.56,0.2,0
2026-09-08 20:20:00,A,37.29,4.13,5.431,18.121,12.234,29.83,73.8,0.0,1.77,0.234,0
2026-09-08 20:30:00,A,36.86,8.16,5.97,18.886,12.554,30.22,72.5,0.0,2.22,0.201,0
2026-09-08 20:40:00,A,37.14,7.48,5.558,18.048,12.795,29.83,73.0,0.0,1.52,0.208,0
2026-09-08 20:50:00,A,36.71,5.96,5.63,17.874,12.661,29.35,72.3,0.0,2.49,0.218,0
2026-09-08 21:00:00,A,37.58,7.59,5.624,18.66,12.224,29.33,76.6,0.0,1.34,0.216,0
2026-09-08 21:10:00,A,37.12,7.68,5.393,18.054,12.675,29.02,76.7,0.0,2.02,0.229,0
2026-09-08 21:20:00,A,36.9,8.06,6.308,18.784,12.751,29.16,74.6,0.0,1.51,0.205,0
2026-09-08 21:30:00,A,36.9,7.9,5.7,19.105,12.854,29.21,73.9,0.0,2.25,0.234,0
2026-09-08 21:40:00,A,37.46,7.11,5.775,19.194,12.392,29.03,77.5,0.0,1.66,0.232,0
2026-09-08 21:50:00,A,37.81,7.4,5.658,19.317,12.454,29.02,76.9,0.0,1.36,0.207,0
2026-09-08 22:00:00,A,37.51,7.45,5.697,17.492,12.488,27.71,77.3,0.0,1.6,0.228,0
2026-09-08 22:10:00,A,37.37,5.18,5.991,17.885,12.871,28.45,74.3,0.0,2.88,0.231,0
2026-09-08 22:20:00,A,36.8,9.06,6.003,18.912,12.1,28.21,79.6,0.0,2.19,0.23,0
2026-09-08 22:30:00,A,37.46,7.76,5.667,18.513,11.943,28.31,78.7,0.0,1.94,0.248,0
2026-09-08 22:40:00,A,37.2,6.54,6.013,18.986,12.537,28.13,76.4,0.0,2.6,0.217,0
2026-09-08 22:50:00,A,36.49,7.62,5.76,19.083,12.703,28.19,78.0,0.0,1.67,0.233,0
2026-09-08 23:00:00,A,36.75,8.68,5.432,18.35,12.658,28.41,77.9,0.0,2.81,0.26,0
2026-09-08 23:10:00,A,36.68,8.2,5.699,17.989,12.721,28.47,78.8,0.0,1.77,0.207,0
2026-09-08 23:20:00,A,36.22,8.38,6.009,17.865,12.588,27.65,79.7,0.0,1.73,0.213,0
2026-09-08 23:30:00,A,36.72,6.57,5.665,18.631,12.338,27.84,81.2,0.0,1.23,0.216,0
2026-09-08 23:40:00,A,37.23,7.15,5.919,18.881,12.426,28.12,79.7,0.0,1.6,0.237,0
2026-09-08 23:50:00,A,36.92,4.75,5.442,18.487,12.522,28.27,79.2,0.0,1.42,0.224,0
2026-09-09 00:00:00,A,36.39,6.79,5.334,18.42,12.677,27.27,79.3,0.0,1.09,0.233,0
2026-09-09 00:10:00,A,36.72,6.43,5.789,18.2,12.837,28.16,80.1,0.0,1.42,0.204,0
2026-09-09 00:20:00,A,36.52,7.33,5.762,18.62,12.319,27.58,82.3,0.0,2.06,0.218,0
2026-09-09 00:30:00,A,36.24,7.04,5.889,18.609,12.429,27.55,78.7,0.0,1.63,0.211,0
2026-09-09 00:40:00,A,37.24,6.31,5.502,18.156,12.405,27.94,82.3,0.0,0.71,0.212,0
2026-09-09 00:50:00,A,36.5,6.87,5.605,18.175,12.86,26.86,78.6,0.0,2.27,0.212,0
2026-09-09 01:00:00,A,36.69,5.85,5.806,18.461,12.761,28.12,82.6,0.0,2.0,0.214,0
2026-09-09 01:10:00,A,36.48,5.64,5.665,18.067,12.391,27.93,80.9,0.0,1.59,0.224,0
2026-09-09 01:20:00,A,36.7,8.18,6.118,18.409,12.365,27.91,80.3,0.0,2.45,0.212,0
2026-09-09 01:30:00,A,37.19,6.45,6.055,18.975,12.642,27.91,83.9,0.0,1.7,0.203,0
2026-09-09 01:40:00,A,36.49,5.67,5.969,18.079,12.536,27.62,83.4,0.0,1.9,0.212,0
2026-09-09 01:50:00,A,36.82,7.17,5.599,18.96,12.902,27.96,82.9,0.0,1.4,0.237,0
2026-09-09 02:00:00,A,37.03,6.43,6.088,18.041,12.579,28.01,81.4,0.0,2.11,0.222,0
2026-09-09 02:10:00,A,36.41,5.13,5.607,18.723,12.356,27.93,83.3,0.0,1.7,0.204,0
2026-09-09 02:20:00,A,36.71,7.39,5.633,18.493,12.494,28.87,78.9,0.0,1.6,0.187,0
2026-09-09 02:30:00,A,36.39,7.37,5.719,17.953,12.168,28.75,77.6,0.0,2.01,0.231,0
2026-09-09 02:40:00,A,36.69,8.84,6.181,18.626,12.504,27.79,79.8,0.0,1.44,0.198,0
2026-09-09 02:50:00,A,37.3,7.98,6.009,18.44,12.489,28.38,78.5,0.0,2.33,0.2,0
2026-09-09 03:00:00,A,36.08,7.37,5.743,18.703,12.29,28.29,79.6,0.0,1.35,0.196,0
2026-09-09 03:10:00,A,36.44,6.23,5.71,18.763,12.756,28.38,79.4,0.0,1.15,0.227,0
2026-09-09 03:20:00,A,37.27,5.27,6.041,18.84,12.602,28.94,80.8,0.0,2.07,0.221,0
2026-09-09 03:30:00,A,36.61,8.93,5.666,18.466,11.829,28.5,78.9,0.0,2.25,0.248,0
2026-09-09 03:40:00,A,36.66,7.32,5.891,18.023,12.201,28.71,74.8,0.0,2.15,0.222,0
2026-09-09 03:50:00,A,37.0,5.09,6.041,18.504,12.524,29.12,82.1,0.0,2.52,0.221,0
2026-09-09 04:00:00,A,36.75,5.84,5.922,19.103,11.872,28.8,77.6,0.0,1.34,0.233,0
2026-09-09 04:10:00,A,37.11,6.83,5.747,18.458,12.34,28.99,76.4,0.0,3.07,0.213,0
2026-09-09 04:20:00,A,36.85,6.67,6.048,18.575,12.032,28.78,77.2,0.0,0.93,0.228,0
2026-09-09 04:30:00,A,37.39,5.73,5.849,17.584,12.776,28.68,76.5,0.0,2.76,0.217,0
2026-09-09 04:40:00,A,37.14,7.69,5.734,18.322,12.845,29.3,77.0,0.0,1.58,0.231,0
2026-09-09 04:50:00,A,36.72,6.53,5.854,18.751,12.294,28.73,78.9,0.0,1.16,0.193,0
2026-09-09 05:00:00,A,38.06,5.88,5.933,18.822,12.682,29.36,74.4,0.0,1.23,0.205,0
2026-09-09 05:10:00,A,37.39,7.25,5.515,18.225,11.753,29.21,73.0,0.0,1.91,0.248,0
2026-09-09 05:20:00,A,37.62,7.19,5.864,18.753,12.685,29.32,70.1,0.0,2.97,0.196,0
2026-09-09 05:30:00,A,37.46,7.11,6.026,19.049,11.856,29.85,72.3,0.0,2.29,0.213,0
2026-09-09 05:40:00,A,37.96,5.97,5.794,19.461,12.664,29.83,73.9,0.0,2.29,0.243,0
2026-09-09 05:50:00,A,37.47,7.27,5.867,18.701,12.374,29.83,71.6,0.0,1.21,0.22,0
2026-09-09 06:00:00,A,37.52,7.75,5.597,18.805,12.652,30.7,72.9,0.0,2.14,0.217,0
2026-09-09 06:10:00,A,37.94,6.9,5.84,17.792,12.742,30.41,73.6,0.0,1.65,0.221,0
2026-09-09 06:20:00,A,38.07,6.79,5.672,17.875,12.297,30.46,71.5,0.0,1.52,0.214,0
2026-09-09 06:30:00,A,37.52,8.4,6.01,17.893,12.508,30.81,70.5,0.0,0.72,0.214,0
2026-09-09 06:40:00,A,37.84,7.65,5.723,19.089,12.695,30.38,68.2,0.0,1.55,0.218,0
2026-09-09 06:50:00,A,38.51,7.36,5.779,18.013,12.1,30.62,67.5,0.0,1.61,0.199,0
2026-09-09 07:00:00,A,38.21,8.08,5.585,17.85,11.923,30.49,68.1,0.0,1.78,0.206,0
2026-09-09 07:10:00,A,38.44,6.16,5.455,18.314,12.624,30.93,68.8,0.0,2.3,0.238,0
2026-09-09 07:20:00,A,38.26,6.82,5.625,17.951,12.706,31.4,64.2,0.0,1.71,0.242,0
2026-09-09 07:30:00,A,38.41,6.15,5.687,18.417,12.272,31.09,68.5,0.0,1.61,0.246,0
2026-09-09 07:40:00,A,37.65,6.83,5.654,19.675,12.35,31.9,66.3,0.0,1.84,0.232,0
2026-09-09 07:50:00,A,37.94,7.99,5.776,18.437,12.47,31.72,66.1,0.0,1.51,0.203,0
2026-09-09 08:00:00,A,38.12,6.17,5.402,18.007,12.526,32.32,65.6,0.0,2.49,0.22,0
2026-09-09 08:10:00,A,38.59,6.98,5.944,18.136,12.023,32.24,61.7,0.0,2.76,0.215,0
2026-09-09 08:20:00,A,39.08,6.29,5.617,18.243,12.89,31.25,61.8,0.0,1.93,0.229,0
2026-09-09 08:30:00,A,38.67,6.38,5.476,18.877,12.776,32.58,61.9,0.0,1.06,0.24,0
2026-09-09 08:40:00,A,38.3,5.17,5.527,18.772,12.568,32.66,61.9,0.0,1.7,0.21,0
2026-09-09 08:50:00,A,39.08,7.21,5.35,18.235,12.473,32.34,62.9,0.0,2.13,0.223,0
2026-09-09 09:00:00,A,38.6,7.1,5.962,19.576,12.53,32.56,62.6,0.0,0.98,0.209,0
2026-09-09 09:10:00,A,38.48,4.55,6.168,18.335,12.504,33.14,59.0,0.0,2.1,0.203,0
2026-09-09 09:20:00,A,39.29,6.97,5.757,18.894,12.101,32.81,60.6,0.0,2.25,0.218,0
2026-09-09 09:30:00,A,38.86,4.27,6.17,18.312,12.749,32.68,59.7,0.0,2.7,0.244,0
2026-09-09 09:40:00,A,38.92,7.17,5.713,19.1,12.48,33.54,58.8,0.0,1.63,0.229,0
2026-09-09 09:50:00,A,38.89,5.79,6.078,18.841,12.493,32.97,61.3,0.0,1.25,0.243,0
2026-09-09 10:00:00,A,39.67,6.83,5.72,19.149,12.678,33.5,60.4,0.0,2.47,0.218,0
2026-09-09 10:10:00,A,39.05,9.65,5.41,18.266,12.862,33.4,61.7,0.0,3.22,0.227,0
2026-09-09 10:20:00,A,38.51,8.22,5.59,18.02,12.807,33.73,58.3,0.0,1.64,0.225,0
2026-09-09 10:30:00,A,39.51,7.86,5.981,18.49,12.548,33.78,58.4,0.0,1.7,0.232,0
2026-09-09 10:40:00,A,39.35,7.94,5.859,17.965,12.721,33.58,55.9,0.0,1.31,0.248,0
2026-09-09 10:50:00,A,39.16,5.13,5.777,17.975,12.323,33.6,58.2,0.0,1.57,0.22,0
2026-09-09 11:00:00,A,39.2,6.28,5.717,17.504,12.265,34.01,56.8,0.0,1.9,0.23,0
2026-09-09 11:10:00,A,39.29,8.15,5.817,18.875,12.009,33.63,55.6,0.0,2.69,0.23,0
2026-09-09 11:20:00,A,39.43,7.25,5.645,18.186,12.339,33.89,53.7,0.0,1.83,0.219,0
2026-09-09 11:30:00,A,39.53,5.61,5.841,19.771,12.502,34.06,54.2,0.0,1.89,0.214,0
2026-09-09 11:40:00,A,39.62,8.51,5.827,18.486,12.89,34.13,54.6,0.0,1.15,0.21,0
2026-09-09 11:50:00,A,38.9,7.98,5.241,18.081,12.605,33.81,54.9,0.0,0.34,0.207,0
2026-09-09 12:00:00,A,39.57,7.79,6.158,18.719,12.718,33.94,56.8,0.0,2.79,0.202,0
2026-09-09 12:10:00,A,39.44,5.59,5.556,18.886,12.718,34.19,56.7,0.0,2.67,0.218,0
2026-09-09 12:20:00,A,39.17,5.54,5.618,18.406,12.848,33.98,51.9,0.0,1.7,0.223,0
2026-09-09 12:30:00,A,39.25,8.99,5.817,17.72,12.501,34.28,55.7,0.0,1.86,0.228,0
2026-09-09 12:40:00,A,39.95,8.27,5.793,18.34,12.587,34.64,55.9,0.0,1.54,0.233,0
2026-09-09 12:50:00,A,39.41,5.73,5.845,18.735,12.688,33.41,56.1,0.0,1.86,0.207,0
2026-09-09 13:00:00,A,39.82,7.29,5.193,18.015,12.345,34.05,54.5,0.0,1.35,0.205,0
2026-09-09 13:10:00,A,39.55,6.05,5.322,18.401,12.603,34.9,51.0,0.0,2.58,0.206,0
2026-09-09 13:20:00,A,39.11,7.37,5.719,18.307,12.59,34.41,54.8,0.0,2.15,0.204,0
2026-09-09 13:30:00,A,39.37,7.73,5.546,17.985,12.476,34.04,52.3,0.0,2.33,0.232,0
2026-09-09 13:40:00,A,39.22,6.82,5.563,18.854,12.161,33.97,54.1,0.0,2.67,0.239,0
2026-09-09 13:50:00,A,39.7,7.26,5.993,18.921,11.884,34.08,57.4,0.0,1.96,0.225,0
2026-09-09 14:00:00,A,39.24,7.34,5.803,18.641,12.589,34.13,53.1,0.0,1.48,0.236,0
2026-09-09 14:10:00,A,39.19,7.23,5.714,18.661,12.384,34.08,56.0,0.0,1.64,0.22,0
2026-09-09 14:20:00,A,39.16,8.93,6.283,18.367,12.204,33.83,59.9,0.0,2.34,0.221,0
2026-09-09 14:30:00,A,39.35,5.6,5.729,18.7,12.943,34.37,55.3,0.0,2.88,0.231,0
2026-09-09 14:40:00,A,39.19,5.65,5.605,18.135,12.56,33.3,55.4,0.0,1.91,0.207,0
2026-09-09 14:50:00,A,39.54,8.7,5.962,19.161,12.238,33.84,57.0,0.0,2.15,0.229,0
2026-09-09 15:00:00,A,38.66,8.51,5.87,17.879,12.271,33.87,58.2,0.0,2.0,0.233,0
2026-09-09 15:10:00,A,39.66,7.6,5.893,19.326,12.313,34.22,57.6,0.0,0.99,0.207,0
2026-09-09 15:20:00,A,39.27,5.76,6.051,19.005,12.684,34.05,57.1,0.0,1.35,0.22,0
2026-09-09 15:30:00,A,39.23,5.74,5.956,18.242,12.82,34.41,59.7,0.0,2.33,0.215,0
2026-09-09 15:40:00,A,39.08,7.87,5.582,18.014,12.547,33.21,58.1,0.0,1.6,0.223,0
2026-09-09 15:50:00,A,38.9,7.84,5.696,17.321,12.921,32.94,58.0,0.0,1.78,0.235,0
2026-09-09 16:00:00,A,39.25,6.68,5.566,17.779,12.611,33.04,56.7,0.0,1.3,0.243,0
2026-09-09 16:10:00,A,38.6,7.72,5.999,18.269,12.554,32.77,60.0,0.0,1.58,0.266,0
2026-09-09 16:20:00,A,39.3,7.26,5.893,18.803,12.288,33.15,62.4,0.0,0.68,0.227,0
2026-09-09 16:30:00,A,38.85,9.02,5.777,17.911,12.487,33.5,57.6,0.0,2.47,0.203,0
2026-09-09 16:40:00,A,38.52,5.95,5.599,18.667,12.372,32.3,58.8,0.0,1.76,0.21,0
2026-09-09 16:50:00,A,38.85,7.53,5.747,18.637,12.692,33.07,60.5,0.0,1.97,0.222,0
2026-09-09 17:00:00,A,38.3,6.57,5.504,17.691,12.911,33.02,63.5,0.0,1.41,0.223,0
2026-09-09 17:10:00,A,38.81,6.4,5.772,17.92,12.639,32.92,61.1,0.0,1.57,0.207,0
2026-09-09 17:20:00,A,38.76,8.23,5.23,18.033,12.384,31.82,62.1,0.0,2.29,0.213,0
2026-09-09 17:30:00,A,38.47,6.94,5.459,18.938,12.464,32.15,60.2,0.0,0.96,0.219,0
2026-09-09 17:40:00,A,38.46,6.27,5.663,18.233,12.308,31.69,65.1,0.0,1.3,0.227,0
2026-09-09 17:50:00,A,38.7,5.27,6.038,19.457,12.554,32.11,62.0,0.0,2.37,0.23,0
2026-09-09 18:00:00,A,38.49,6.13,5.414,18.976,12.396,31.88,64.3,0.0,1.77,0.223,0
2026-09-09 18:10:00,A,37.99,7.63,5.879,17.881,11.917,31.11,63.5,0.0,1.34,0.209,0
2026-09-09 18:20:00,A,37.93,5.51,5.99,19.41,12.679,31.95,68.0,0.0,2.36,0.239,0
2026-09-09 18:30:00,A,38.56,5.85,5.749,17.337,12.699,31.03,67.7,0.0,2.17,0.228,0
2026-09-09 18:40:00,A,37.78,5.88,6.015,18.748,12.154,31.49,68.6,0.0,1.18,0.219,0
2026-09-09 18:50:00,A,37.86,6.8,5.976,18.021,12.932,31.21,64.7,0.0,1.81,0.212,0
2026-09-09 19:00:00,A,37.83,7.04,5.788,17.697,12.499,31.27,66.5,0.0,1.17,0.232,0
2026-09-09 19:10:00,A,38.59,5.56,5.813,17.616,12.358,30.63,68.5,0.0,1.04,0.217,0
2026-09-09 19:20:00,A,37.91,7.57,5.546,18.292,12.523,30.62,70.3,0.0,1.61,0.245,0
2026-09-09 19:30:00,A,37.48,7.01,5.396,18.365,12.642,30.68,67.0,0.0,1.68,0.201,0
2026-09-09 19:40:00,A,37.72,5.25,6.098,18.452,12.666,30.43,73.5,0.0,1.69,0.214,0
2026-09-09 19:50:00,A,37.9,7.26,6.091,18.805,12.296,30.66,71.8,0.0,2.31,0.228,0
2026-09-09 20:00:00,A,37.41,6.4,5.552,18.334,12.508,30.76,73.7,0.0,2.46,0.238,0
2026-09-09 20:10:00,A,37.87,8.68,5.809,18.853,12.057,30.21,71.5,0.0,1.6,0.238,0
2026-09-09 20:20:00,A,37.71,8.23,6.065,19.043,12.108,30.2,71.9,0.0,1.22,0.209,0
2026-09-09 20:30:00,A,37.59,8.4,5.725,18.392,12.943,29.55,69.8,0.0,2.26,0.221,0
2026-09-09 20:40:00,A,37.06,6.12,5.973,18.894,12.576,29.59,72.8,0.0,2.02,0.228,0
2026-09-09 20:50:00,A,37.92,8.56,5.668,18.816,12.286,29.86,73.5,0.0,1.17,0.243,0
2026-09-09 21:00:00,A,37.33,7.02,6.018,18.41,12.43,29.83,74.2,0.0,2.4,0.209,0
2026-09-09 21:10:00,A,37.84,6.73,5.779,18.713,12.466,29.3,73.1,0.0,2.36,0.201,0
2026-09-09 21:20:00,A,37.29,6.72,6.08,18.25,12.492,29.31,76.5,0.0,2.35,0.195,0
2026-09-09 21:30:00,A,37.45,6.67,5.852,19.119,12.106,29.05,72.8,0.0,1.31,0.228,0
2026-09-09 21:40:00,A,37.34,8.18,5.907,18.731,12.107,28.87,77.6,0.0,1.9,0.209,0
2026-09-09 21:50:00,A,36.88,5.45,5.879,18.253,12.542,29.1,77.7,0.0,1.85,0.23,0
2026-09-09 22:00:00,A,37.16,8.9,5.787,19.472,12.459,28.39,76.5,0.0,2.32,0.224,0
2026-09-09 22:10:00,A,36.43,6.76,6.062,18.09,11.722,28.24,81.2,0.0,2.25,0.212,0
2026-09-09 22:20:00,A,36.45,5.4,5.621,18.839,12.523,28.71,79.3,0.0,2.48,0.221,0
2026-09-09 22:30:00,A,37.14,7.31,5.791,18.756,12.741,28.57,76.9,0.0,1.35,0.204,0
2026-09-09 22:40:00,A,36.89,6.48,5.783,18.173,12.601,28.65,77.2,0.0,1.64,0.225,0
2026-09-09 22:50:00,A,36.36,7.11,6.173,18.946,12.271,28.27,79.9,0.0,1.65,0.192,0
2026-09-09 23:00:00,A,36.54,5.87,5.832,18.367,12.326,27.56,78.7,0.0,1.82,0.218,0
2026-09-09 23:10:00,A,37.06,3.75,5.841,18.117,12.077,27.13,83.0,0.0,2.39,0.246,0
2026-09-09 23:20:00,A,36.83,6.7,5.915,18.65,12.913,28.21,80.7,0.0,1.68,0.223,0
2026-09-09 23:30:00,A,37.88,6.22,5.742,18.478,12.906,27.62,77.1,0.0,1.91,0.22,0
2026-09-09 23:40:00,A,36.95,6.8,5.739,17.599,12.12,28.13,81.4,0.0,2.85,0.243,0
2026-09-09 23:50:00,A,36.89,6.14,6.161,17.789,12.425,27.27,79.6,0.0,2.4,0.222,0
2026-09-10 00:00:00,A,36.59,6.99,6.183,18.671,12.484,27.88,79.3,0.0,2.04,0.238,0
2026-09-10 00:10:00,A,36.5,7.51,5.788,18.491,12.538,27.89,79.3,0.0,1.51,0.232,0
2026-09-10 00:20:00,A,36.69,6.59,6.125,17.583,12.645,27.88,77.7,0.0,1.81,0.244,0
2026-09-10 00:30:00,A,36.5,8.02,5.789,18.453,12.339,28.1,80.7,0.0,2.52,0.247,0
2026-09-10 00:40:00,A,36.63,7.69,5.558,18.106,12.916,28.08,80.3,0.0,2.02,0.237,0
2026-09-10 00:50:00,A,36.72,8.49,5.754,17.807,11.913,28.42,83.1,0.0,1.59,0.214,0
2026-09-10 01:00:00,A,36.94,8.84,5.978,18.604,12.475,27.38,82.1,0.0,2.21,0.222,0
2026-09-10 01:10:00,A,36.57,5.92,6.017,18.398,12.055,28.01,84.8,0.0,1.61,0.205,0
2026-09-10 01:20:00,A,36.79,7.62,5.931,17.868,12.292,27.87,80.7,0.0,2.19,0.206,0
2026-09-10 01:30:00,A,36.65,8.94,5.577,18.424,12.843,27.71,82.1,0.0,2.3,0.2,0
2026-09-10 01:40:00,A,37.25,6.93,5.822,18.439,12.676,28.08,80.2,0.0,1.31,0.199,0
2026-09-10 01:50:00,A,36.21,8.09,6.244,17.634,12.47,28.57,82.3,0.0,1.15,0.211,0
2026-09-10 02:00:00,A,35.99,6.4,5.703,17.937,12.244,27.47,76.2,0.0,2.65,0.227,0
2026-09-10 02:10:00,A,36.43,8.06,5.841,18.085,12.309,27.79,82.2,0.0,2.32,0.25,0
2026-09-10 02:20:00,A,36.74,8.9,5.876,19.079,12.467,28.3,81.0,0.0,1.47,0.231,0
2026-09-10 02:30:00,A,36.82,8.48,5.616,18.656,12.175,28.22,78.2,0.0,0.78,0.222,0
2026-09-10 02:40:00,A,36.69,7.13,6.036,18.278,12.432,28.65,78.0,0.0,2.03,0.196,0
2026-09-10 02:50:00,A,36.91,7.0,5.695,17.95,11.997,28.48,79.4,0.0,1.01,0.197,0
2026-09-10 03:00:00,A,36.51,7.58,5.824,18.437,12.551,28.0,81.0,0.0,2.06,0.218,0
2026-09-10 03:10:00,A,36.72,7.56,5.425,19.32,12.621,28.78,78.8,0.0,2.3,0.216,0
2026-09-10 03:20:00,A,37.42,5.49,5.941,19.05,12.402,29.1,79.8,0.0,1.81,0.224,0
2026-09-10 03:30:00,A,36.76,8.02,5.833,18.41,11.985,28.52,79.5,0.0,1.64,0.191,0
2026-09-10 03:40:00,A,37.68,7.94,6.198,17.784,12.539,29.16,79.4,0.0,1.6,0.231,0
2026-09-10 03:50:00,A,37.13,8.51,5.921,18.767,12.399,29.27,77.2,0.0,2.32,0.23,0
2026-09-10 04:00:00,A,36.7,4.97,5.585,17.808,12.495,29.07,76.8,0.0,1.75,0.207,0
2026-09-10 04:10:00,A,37.11,10.45,5.439,18.059,12.108,28.86,75.8,0.0,1.1,0.188,0
2026-09-10 04:20:00,A,37.27,8.49,6.232,19.762,12.45,28.73,75.8,0.0,1.82,0.23,0
2026-09-10 04:30:00,A,37.46,5.19,5.833,18.06,12.321,28.86,74.8,0.0,1.66,0.193,0
2026-09-10 04:40:00,A,37.09,8.22,5.943,18.299,12.281,28.83,75.3,0.0,1.56,0.217,0
2026-09-10 04:50:00,A,36.78,8.0,5.587,18.181,12.33,29.9,74.2,0.0,2.82,0.2,0
2026-09-10 05:00:00,A,37.11,6.14,5.91,18.926,12.812,29.58,73.3,0.0,1.15,0.185,0
2026-09-10 05:10:00,A,37.42,6.37,5.563,18.751,12.907,28.81,71.1,0.0,1.5,0.248,0
2026-09-10 05:20:00,A,37.35,5.18,5.52,18.071,12.59,29.85,74.2,0.0,1.61,0.251,0
2026-09-10 05:30:00,A,37.11,7.39,5.622,18.75,12.62,29.46,73.6,0.0,2.63,0.241,0
2026-09-10 05:40:00,A,37.24,7.55,5.636,18.013,12.484,29.44,73.9,0.0,1.91,0.193,0
2026-09-10 05:50:00,A,38.29,7.12,5.832,18.358,12.946,30.53,72.6,0.0,2.85,0.247,0
2026-09-10 06:00:00,A,37.94,5.93,5.738,18.822,12.727,30.6,71.4,0.0,1.8,0.221,0
2026-09-10 06:10:00,A,37.93,7.12,5.685,18.265,12.121,30.61,69.9,0.0,1.22,0.21,0
2026-09-10 06:20:00,A,37.85,6.61,5.646,17.864,12.495,30.6,69.4,0.0,1.42,0.237,0
2026-09-10 06:30:00,A,37.4,5.8,5.495,19.771,12.652,30.6,68.8,0.0,2.28,0.211,0
2026-09-10 06:40:00,A,37.43,8.24,5.596,18.878,12.416,31.03,69.9,0.0,1.89,0.231,0
2026-09-10 06:50:00,A,37.36,7.31,5.756,19.127,12.455,30.33,70.7,0.0,2.04,0.202,0
2026-09-10 07:00:00,A,38.06,7.75,5.694,17.759,12.402,31.36,68.1,0.0,2.68,0.217,0
2026-09-10 07:10:00,A,38.3,4.75,5.954,19.258,12.738,31.73,66.6,0.0,1.84,0.211,0
2026-09-10 07:20:00,A,37.65,4.98,6.111,19.007,12.811,31.09,69.0,0.0,1.68,0.224,0
2026-09-10 07:30:00,A,38.24,7.56,5.908,18.288,12.406,31.34,67.3,0.0,1.55,0.2,0
2026-09-10 07:40:00,A,38.61,7.34,6.017,18.406,11.808,31.29,67.2,0.0,1.99,0.244,0
2026-09-10 07:50:00,A,38.07,7.06,5.657,18.736,12.369,31.81,67.5,0.0,1.47,0.219,0
2026-09-10 08:00:00,A,38.08,8.41,5.917,18.448,12.716,31.62,64.8,0.0,1.62,0.226,0
2026-09-10 08:10:00,A,38.99,7.06,5.692,18.103,12.557,32.12,61.7,0.0,2.78,0.224,0
2026-09-10 08:20:00,A,38.56,7.95,5.91,19.463,12.735,31.85,61.3,0.0,1.1,0.225,0
2026-09-10 08:30:00,A,38.44,6.15,5.829,18.502,12.736,32.69,63.4,0.0,1.77,0.221,0
2026-09-10 08:40:00,A,38.36,6.94,5.609,19.399,12.969,33.17,62.7,0.0,1.5,0.216,0
2026-09-10 08:50:00,A,38.73,6.58,5.946,19.715,12.8,31.98,61.3,0.0,1.52,0.231,0
2026-09-10 09:00:00,A,38.98,4.97,5.981,18.688,12.105,32.34,60.6,0.0,2.15,0.211,0
2026-09-10 09:10:00,A,38.64,8.26,5.891,18.655,12.735,32.74,61.1,0.0,1.34,0.203,0
2026-09-10 09:20:00,A,38.46,8.54,5.676,18.925,12.311,32.63,60.7,0.0,2.28,0.226,0
2026-09-10 09:30:00,A,38.4,7.31,5.94,18.768,12.669,32.43,62.7,0.0,1.03,0.211,0
2026-09-10 09:40:00,A,39.17,6.37,5.609,18.71,12.668,33.15,61.0,0.0,1.87,0.222,0
2026-09-10 09:50:00,A,39.47,6.34,5.97,18.844,12.517,33.08,58.9,0.0,1.94,0.219,0
2026-09-10 10:00:00,A,38.56,9.1,5.587,17.996,12.327,33.35,60.0,0.0,2.23,0.242,0
2026-09-10 10:10:00,A,38.84,6.44,5.835,18.506,12.519,32.78,59.6,0.0,1.38,0.216,0
2026-09-10 10:20:00,A,39.26,7.19,5.934,18.919,12.731,33.81,58.8,0.0,1.92,0.246,0
2026-09-10 10:30:00,A,39.03,6.62,5.809,18.368,12.486,33.54,59.8,0.0,1.4,0.22,0
2026-09-10 10:40:00,A,38.91,4.96,5.921,17.927,12.572,33.39,57.9,0.0,2.33,0.197,0
2026-09-10 10:50:00,A,38.79,5.16,5.887,17.91,12.293,34.05,58.4,0.0,0.99,0.212,0
2026-09-10 11:00:00,A,39.33,7.94,5.515,18.297,12.63,34.35,54.1,0.0,1.75,0.214,0
2026-09-10 11:10:00,A,39.66,8.04,5.683,17.819,12.075,34.42,57.3,0.0,1.4,0.232,0
2026-09-10 11:20:00,A,38.95,5.49,5.827,18.641,12.593,34.07,58.3,0.0,1.87,0.249,0
2026-09-10 11:30:00,A,39.36,4.92,5.832,18.706,12.184,34.07,58.3,0.0,2.28,0.201,0
2026-09-10 11:40:00,A,39.45,9.75,5.653,19.303,12.615,33.89,52.8,0.0,2.02,0.198,0
2026-09-10 11:50:00,A,39.39,6.24,5.846,18.505,12.14,34.27,57.6,0.0,1.37,0.214,0
2026-09-10 12:00:00,A,39.36,5.22,5.515,18.177,12.648,33.97,56.4,0.0,2.14,0.22,0
2026-09-10 12:10:00,A,39.11,5.62,5.761,18.407,12.492,33.51,53.6,0.0,2.16,0.201,0
2026-09-10 12:20:00,A,39.38,7.15,5.542,19.108,12.474,33.83,57.2,0.0,1.92,0.213,0
2026-09-10 12:30:00,A,39.67,8.86,5.899,18.108,12.791,34.76,55.5,0.0,2.3,0.217,0
2026-09-10 12:40:00,A,39.6,7.57,5.749,19.191,12.248,33.87,56.9,0.0,1.36,0.232,0
2026-09-10 12:50:00,A,39.58,7.15,5.464,18.021,12.383,33.47,56.2,0.0,1.58,0.226,0
2026-09-10 13:00:00,A,39.7,6.96,6.079,17.092,11.935,34.77,55.5,0.0,1.61,0.223,0
2026-09-10 13:10:00,A,39.76,9.23,5.982,17.743,12.414,34.11,54.2,0.0,2.65,0.212,0
2026-09-10 13:20:00,A,38.78,6.08,5.627,18.786,12.204,34.45,53.7,0.0,1.82,0.224,0
2026-09-10 13:30:00,A,39.74,7.23,6.007,18.882,12.855,33.95,52.5,0.0,2.23,0.21,0
2026-09-10 13:40:00,A,39.22,4.61,5.674,18.158,12.542,33.38,56.3,0.0,2.17,0.253,0
2026-09-10 13:50:00,A,38.71,7.57,5.669,17.87,12.003,34.48,55.7,0.0,1.39,0.224,0
2026-09-10 14:00:00,A,39.31,6.35,5.606,19.24,12.526,34.43,54.7,0.0,2.33,0.207,0
2026-09-10 14:10:00,A,39.32,7.16,5.633,18.488,13.103,33.34,54.8,0.0,2.6,0.213,0
2026-09-10 14:20:00,A,39.71,6.59,5.968,18.99,12.773,34.49,57.9,0.0,1.78,0.195,0
2026-09-10 14:30:00,A,39.34,7.64,5.821,18.706,12.473,34.04,53.3,0.0,2.02,0.234,0
2026-09-10 14:40:00,A,39.19,7.89,5.957,18.552,12.809,34.47,59.3,0.0,2.08,0.22,0
2026-09-10 14:50:00,A,39.96,7.25,5.986,17.394,12.579,34.07,55.0,0.0,2.22,0.227,0
2026-09-10 15:00:00,A,38.88,8.01,5.799,19.005,12.523,33.15,56.5,0.0,1.86,0.222,0
2026-09-10 15:10:00,A,38.49,7.44,5.925,18.845,12.442,34.17,56.1,0.0,1.76,0.223,0
2026-09-10 15:20:00,A,38.53,6.05,5.833,18.799,12.118,33.0,59.3,0.0,2.11,0.232,0
2026-09-10 15:30:00,A,39.07,7.23,5.554,19.269,12.898,33.83,58.5,0.0,1.09,0.23,0
2026-09-10 15:40:00,A,39.24,6.9,6.42,18.81,12.596,34.11,58.5,0.0,2.45,0.231,0
2026-09-10 15:50:00,A,38.86,5.43,5.356,17.32,12.272,33.55,59.8,0.0,2.42,0.204,0
2026-09-10 16:00:00,A,38.47,6.76,5.784,18.137,12.299,32.95,60.3,0.0,1.7,0.221,0
2026-09-10 16:10:00,A,39.62,7.14,5.674,19.166,12.776,33.69,57.6,0.0,2.74,0.227,0
2026-09-10 16:20:00,A,39.02,7.24,5.481,18.339,12.409,33.23,61.1,0.0,1.61,0.228,0
2026-09-10 16:30:00,A,38.4,5.55,5.714,17.865,12.413,33.44,58.2,0.0,1.74,0.212,0
2026-09-10 16:40:00,A,38.46,8.24,6.305,17.898,12.585,32.73,59.2,0.4,1.29,0.222,0
2026-09-10 16:50:00,A,39.06,6.87,5.851,19.113,12.786,32.67,60.7,0.0,1.85,0.207,0
2026-09-10 17:00:00,A,39.1,6.13,5.661,17.786,12.723,33.09,62.3,0.0,2.97,0.219,0
2026-09-10 17:10:00,A,38.87,4.67,5.977,18.738,12.608,32.83,63.1,0.11,1.71,0.2,0
2026-09-10 17:20:00,A,39.25,7.67,6.023,18.564,13.037,32.69,61.8,0.0,2.46,0.213,0
2026-09-10 17:30:00,A,38.41,8.74,5.787,18.611,12.583,32.59,61.8,0.0,1.86,0.223,0
2026-09-10 17:40:00,A,38.4,5.95,6.057,19.172,12.453,31.94,61.8,0.0,1.52,0.225,0
2026-09-10 17:50:00,A,38.69,8.35,6.211,18.984,12.331,32.27,65.3,0.0,1.76,0.192,0
2026-09-10 18:00:00,A,37.9,5.95,5.757,18.582,12.066,31.28,67.4,0.0,2.03,0.236,0
2026-09-10 18:10:00,A,38.72,7.7,5.483,18.65,12.566,31.84,66.0,0.0,1.3,0.221,0
2026-09-10 18:20:00,A,37.73,7.51,5.454,18.345,11.969,31.11,65.0,0.0,1.75,0.223,0
2026-09-10 18:30:00,A,37.95,4.65,5.785,18.307,12.389,31.44,65.5,0.0,1.48,0.235,0
2026-09-10 18:40:00,A,38.71,8.61,5.646,18.148,12.69,31.26,66.6,0.0,1.41,0.213,0
2026-09-10 18:50:00,A,37.66,6.82,6.078,18.061,12.737,31.74,69.5,0.0,2.51,0.224,0
2026-09-10 19:00:00,A,38.3,8.88,5.848,18.961,12.83,31.48,68.9,0.0,1.92,0.226,0
2026-09-10 19:10:00,A,38.11,4.46,6.24,18.354,13.032,31.09,66.5,0.0,1.44,0.212,0
2026-09-10 19:20:00,A,38.25,4.65,5.856,18.374,12.563,30.35,68.2,0.0,1.24,0.207,0
2026-09-10 19:30:00,A,37.57,7.49,5.784,18.236,12.292,30.58,71.3,0.0,2.69,0.23,0
2026-09-10 19:40:00,A,37.08,5.71,6.118,18.659,12.274,29.86,69.1,0.0,1.6,0.231,0
2026-09-10 19:50:00,A,37.74,7.81,5.998,18.994,12.923,30.6,71.1,0.0,1.74,0.218,0
2026-09-10 20:00:00,A,37.7,5.36,5.603,18.639,12.787,30.21,68.9,0.0,1.62,0.233,0
2026-09-10 20:10:00,A,36.95,7.34,5.972,17.975,12.242,30.43,70.3,0.0,1.59,0.212,0
2026-09-10 20:20:00,A,37.42,5.35,5.927,19.12,12.327,29.75,72.0,0.0,1.78,0.229,0
2026-09-10 20:30:00,A,37.94,8.46,5.842,19.168,12.543,29.9,72.7,0.0,1.38,0.234,0
2026-09-10 20:40:00,A,37.5,5.85,5.957,18.801,12.634,30.04,74.7,0.0,1.69,0.187,0
2026-09-10 20:50:00,A,37.62,6.36,6.166,17.859,12.308,29.82,73.1,0.0,2.25,0.205,0
2026-09-10 21:00:00,A,37.49,8.46,5.613,18.753,12.026,28.81,75.7,0.0,2.67,0.248,0
2026-09-10 21:10:00,A,37.32,5.55,5.82,18.394,12.736,29.41,74.9,0.0,2.57,0.246,0
2026-09-10 21:20:00,A,36.72,9.46,5.829,18.543,12.694,29.02,76.0,0.0,1.17,0.212,0
2026-09-10 21:30:00,A,37.39,7.38,6.135,18.56,12.716,29.07,70.0,0.0,1.16,0.219,0
2026-09-10 21:40:00,A,36.9,6.66,5.895,18.161,12.564,29.23,75.3,0.0,1.86,0.23,0
2026-09-10 21:50:00,A,37.22,7.05,5.568,18.414,12.391,28.88,78.0,0.0,1.94,0.223,0
2026-09-10 22:00:00,A,36.98,6.89,5.681,19.014,12.892,28.72,75.3,0.0,2.08,0.229,0
2026-09-10 22:10:00,A,37.02,6.35,5.751,18.316,12.454,29.14,77.2,0.0,1.55,0.205,0
2026-09-10 22:20:00,A,37.32,7.33,5.534,18.387,12.264,28.38,76.0,0.0,2.03,0.203,0
2026-09-10 22:30:00,A,37.65,6.38,5.974,18.489,12.63,28.71,77.7,0.0,1.48,0.236,0
2026-09-10 22:40:00,A,36.94,7.28,6.095,18.586,12.753,28.26,76.7,0.0,1.28,0.211,0
2026-09-10 22:50:00,A,36.3,5.57,5.945,19.041,12.408,28.24,78.4,0.0,2.44,0.192,0
2026-09-10 23:00:00,A,36.6,7.31,5.771,17.364,12.264,28.27,80.3,0.0,0.89,0.226,0
2026-09-10 23:10:00,A,36.94,7.38,5.577,17.936,12.529,28.09,82.1,0.0,1.53,0.211,0
2026-09-10 23:20:00,A,36.72,5.43,5.847,17.941,12.476,28.47,81.0,0.0,1.96,0.228,0
2026-09-10 23:30:00,A,36.74,5.86,5.973,19.47,12.435,28.25,81.8,0.0,2.17,0.204,0
2026-09-10 23:40:00,A,36.68,7.31,5.876,18.087,12.507,27.8,79.3,0.0,1.93,0.222,0
2026-09-10 23:50:00,A,37.06,5.24,5.95,18.642,12.776,27.77,80.8,0.0,1.49,0.196,0
2026-09-11 00:00:00,A,36.77,7.8,5.575,17.841,12.455,27.93,81.0,0.0,1.4,0.198,0
2026-09-11 00:10:00,A,36.71,7.17,6.08,18.313,12.713,28.8,81.1,0.0,1.98,0.218,0
2026-09-11 00:20:00,A,37.04,6.78,5.647,18.05,12.575,27.93,78.7,0.0,1.92,0.204,0
2026-09-11 00:30:00,A,36.69,6.68,5.76,17.959,12.851,28.19,79.8,0.0,2.07,0.216,0
2026-09-11 00:40:00,A,36.55,7.12,6.115,18.336,12.702,27.85,81.5,0.0,1.74,0.213,0
2026-09-11 00:50:00,A,36.17,7.66,5.5,18.757,12.722,27.92,81.8,0.0,1.77,0.243,0
2026-09-11 01:00:00,A,35.94,7.93,6.231,18.454,12.686,27.86,79.8,0.0,1.88,0.21,0
2026-09-11 01:10:00,A,36.08,7.06,5.647,17.937,11.74,27.41,80.9,0.0,1.26,0.217,0
2026-09-11 01:20:00,A,36.84,7.76,6.195,19.045,12.745,28.46,80.8,0.0,2.11,0.209,0
2026-09-11 01:30:00,A,36.72,7.98,5.593,18.988,12.369,27.49,80.8,0.0,2.54,0.217,0
2026-09-11 01:40:00,A,36.75,7.99,5.713,18.485,12.454,28.15,83.2,0.0,1.44,0.236,0
2026-09-11 01:50:00,A,35.93,7.44,5.771,18.123,12.185,27.85,84.2,0.0,2.39,0.221,0
2026-09-11 02:00:00,A,37.01,6.26,5.419,18.419,11.932,27.48,80.4,0.0,1.89,0.222,0
2026-09-11 02:10:00,A,36.56,6.9,5.883,18.723,12.584,27.73,81.3,0.0,1.74,0.255,0
2026-09-11 02:20:00,A,36.84,6.37,5.657,18.245,12.533,27.53,80.8,0.0,2.19,0.214,0
2026-09-11 02:30:00,A,37.18,6.35,5.678,18.042,12.533,27.93,85.3,0.0,2.03,0.228,0
2026-09-11 02:40:00,A,37.03,5.63,5.664,18.092,12.775,28.41,77.7,0.0,2.11,0.226,0
2026-09-11 02:50:00,A,37.05,7.15,5.701,18.683,12.745,28.63,80.0,0.0,2.14,0.217,0
2026-09-11 03:00:00,A,37.06,6.9,6.042,18.793,12.292,27.86,80.4,0.0,0.84,0.23,0
2026-09-11 03:10:00,A,37.17,7.01,5.646,18.455,12.104,28.23,79.1,0.0,2.62,0.216,0
2026-09-11 03:20:00,A,36.49,7.73,6.041,18.59,12.688,28.76,79.2,0.0,1.94,0.227,0
2026-09-11 03:30:00,A,36.58,9.4,5.731,18.014,12.691,29.73,74.0,0.0,1.48,0.227,0
2026-09-11 03:40:00,A,37.57,8.29,5.913,18.861,13.139,28.75,80.3,0.0,1.83,0.211,0
2026-09-11 03:50:00,A,37.14,7.27,5.743,19.006,12.484,28.78,78.5,0.0,2.0,0.216,0
2026-09-11 04:00:00,A,37.33,7.76,5.642,18.041,13.185,28.35,74.2,0.0,1.18,0.219,0
2026-09-11 04:10:00,A,37.11,7.6,6.173,18.742,12.481,28.3,76.0,0.0,2.27,0.227,0
2026-09-11 04:20:00,A,36.9,6.89,5.802,18.532,12.342,28.68,75.7,0.0,2.03,0.223,0
2026-09-11 04:30:00,A,37.27,6.57,6.145,18.747,12.692,29.28,76.9,0.0,1.64,0.217,0
2026-09-11 04:40:00,A,37.42,6.99,5.839,18.75,12.566,29.01,76.8,0.0,1.75,0.23,0
2026-09-11 04:50:00,A,37.56,6.68,5.974,18.089,12.13,29.6,71.7,0.0,2.07,0.208,0
2026-09-11 05:00:00,A,37.6,6.55,6.331,18.557,12.923,29.79,73.9,0.0,1.81,0.219,0
2026-09-11 05:10:00,A,37.28,6.86,5.392,18.599,13.025,29.14,73.7,0.0,0.84,0.182,0
2026-09-11 05:20:00,A,37.19,5.58,5.67,17.386,12.513,29.75,72.6,0.0,2.23,0.235,0
2026-09-11 05:30:00,A,36.83,5.71,6.195,17.887,12.76,29.57,72.4,0.0,1.41,0.229,0
2026-09-11 05:40:00,A,37.81,6.2,5.992,18.944,12.464,30.49,74.0,0.0,2.3,0.201,0
2026-09-11 05:50:00,A,38.33,7.9,5.632,19.15,13.254,29.85,70.8,0.0,1.17,0.213,0
2026-09-11 06:00:00,A,38.08,4.87,5.421,18.581,12.01,29.93,69.8,0.0,1.55,0.199,0
2026-09-11 06:10:00,A,37.75,4.75,5.731,18.918,12.504,30.2,74.4,0.0,1.73,0.207,0
2026-09-11 06:20:00,A,37.89,5.53,5.82,18.482,11.853,30.8,71.5,0.0,2.11,0.231,0
2026-09-11 06:30:00,A,37.46,6.93,5.822,18.187,11.956,30.61,69.4,0.0,0.97,0.216,0
2026-09-11 06:40:00,A,37.19,7.93,5.595,18.001,12.588,30.87,69.0,0.0,1.91,0.253,0
2026-09-11 06:50:00,A,37.83,6.58,5.753,18.907,12.219,30.83,64.4,0.0,1.41,0.194,0
2026-09-11 07:00:00,A,37.82,7.05,6.094,18.044,12.533,31.1,68.1,0.0,2.32,0.194,0
2026-09-11 07:10:00,A,37.78,6.41,5.956,18.085,12.954,30.83,66.8,0.0,1.77,0.214,0
2026-09-11 07:20:00,A,38.46,6.63,6.082,17.864,12.796,31.07,66.8,0.0,1.79,0.228,0
2026-09-11 07:30:00,A,37.73,5.33,5.43,18.46,12.672,31.59,65.6,0.0,1.83,0.231,0
2026-09-11 07:40:00,A,38.42,8.25,5.561,19.283,12.71,31.55,67.7,0.0,1.96,0.213,0
2026-09-11 07:50:00,A,38.29,7.71,5.975,18.892,12.234,31.99,67.0,0.0,1.73,0.215,0
2026-09-11 08:00:00,A,38.68,6.19,5.848,18.519,12.772,31.71,66.0,0.0,0.99,0.233,0
2026-09-11 08:10:00,A,38.22,6.54,5.758,18.618,12.271,31.71,63.8,0.0,1.8,0.235,0
2026-09-11 08:20:00,A,38.55,6.78,5.459,18.565,12.438,32.11,61.8,0.0,0.96,0.201,0
2026-09-11 08:30:00,A,38.92,6.37,6.071,18.539,12.763,32.41,62.3,0.0,2.19,0.221,0
2026-09-11 08:40:00,A,38.71,6.34,6.006,18.648,12.811,33.17,61.5,0.0,1.56,0.228,0
2026-09-11 08:50:00,A,38.95,7.87,5.997,18.82,12.211,32.4,62.4,0.0,2.47,0.224,0
2026-09-11 09:00:00,A,38.2,6.03,5.743,19.201,12.852,32.33,63.5,0.0,2.18,0.232,0
2026-09-11 09:10:00,A,38.66,6.29,5.714,17.818,12.808,32.65,62.9,0.0,1.52,0.226,0
2026-09-11 09:20:00,A,38.72,8.22,5.997,18.676,12.635,33.72,60.0,0.0,1.69,0.204,0
2026-09-11 09:30:00,A,39.32,8.59,6.026,18.287,12.621,32.56,59.4,0.0,1.72,0.202,0
2026-09-11 09:40:00,A,38.97,6.87,6.083,18.469,12.926,32.83,60.7,0.0,2.08,0.208,0
2026-09-11 09:50:00,A,38.68,6.37,6.114,18.048,12.635,32.65,61.2,0.0,1.88,0.224,0
2026-09-11 10:00:00,A,38.93,7.64,5.682,19.255,12.143,33.66,58.8,0.0,1.61,0.221,0
2026-09-08 10:00:00,B,40.11,6.62,6.166,19.526,12.369,33.74,58.9,0.0,1.28,0.272,0
2026-09-08 10:10:00,B,39.56,8.42,6.293,18.599,12.201,32.99,57.8,0.0,1.96,0.245,0
2026-09-08 10:20:00,B,40.08,7.62,6.061,19.358,12.213,33.19,56.4,0.0,2.23,0.243,0
2026-09-08 10:30:00,B,40.34,8.22,6.192,18.474,12.439,34.03,58.7,0.0,3.06,0.24,0
2026-09-08 10:40:00,B,40.03,7.45,5.945,19.025,12.215,34.2,55.6,0.0,1.46,0.258,0
2026-09-08 10:50:00,B,40.34,8.75,5.718,19.394,12.488,33.95,57.5,0.0,1.95,0.255,0
2026-09-08 11:00:00,B,40.1,7.42,6.287,18.519,11.892,34.01,58.6,0.0,2.08,0.257,0
2026-09-08 11:10:00,B,40.38,7.6,5.674,18.764,12.218,34.01,56.1,0.0,1.83,0.247,0
2026-09-08 11:20:00,B,40.4,7.65,5.901,18.905,12.364,34.21,54.4,0.0,1.16,0.248,0
2026-09-08 11:30:00,B,40.72,8.35,6.006,19.089,12.356,34.01,55.6,0.0,0.99,0.265,0
2026-09-08 11:40:00,B,41.0,7.23,5.882,19.255,12.05,33.69,56.8,0.0,2.0,0.258,0
2026-09-08 11:50:00,B,40.18,8.01,5.899,18.68,11.966,33.91,56.7,0.0,2.22,0.259,0
2026-09-08 12:00:00,B,41.04,8.57,6.179,19.274,12.19,34.3,52.5,0.0,2.66,0.268,0
2026-09-08 12:10:00,B,40.21,7.35,6.541,17.818,11.965,33.96,55.2,0.0,1.34,0.246,0
2026-09-08 12:20:00,B,40.25,8.56,5.863,19.478,12.158,34.94,55.5,0.0,1.8,0.258,0
2026-09-08 12:30:00,B,40.57,7.93,5.765,19.872,12.361,33.15,55.6,0.0,2.8,0.257,0
2026-09-08 12:40:00,B,40.49,8.49,6.161,18.875,12.503,34.09,55.0,0.0,1.92,0.25,0
2026-09-08 12:50:00,B,39.61,8.77,6.343,18.711,12.123,34.2,54.3,0.0,2.08,0.235,0
2026-09-08 13:00:00,B,40.85,7.93,5.778,19.428,12.772,34.72,56.4,0.0,1.96,0.244,0
2026-09-08 13:10:00,B,40.6,7.1,6.07,18.48,12.272,33.9,54.1,0.0,1.79,0.241,0
2026-09-08 13:20:00,B,40.94,9.09,6.046,19.427,12.208,34.45,52.4,0.0,3.13,0.25,0
2026-09-08 13:30:00,B,40.78,8.06,5.75,18.975,11.609,33.82,56.0,0.0,0.86,0.253,0
2026-09-08 13:40:00,B,40.19,7.63,5.807,18.812,12.382,34.97,52.1,0.0,2.23,0.222,0
2026-09-08 13:50:00,B,40.32,7.46,6.33,18.863,12.278,34.54,54.0,0.0,2.09,0.275,0
2026-09-08 14:00:00,B,40.56,7.44,6.241,18.491,12.572,34.5,56.7,0.0,2.3,0.241,0
2026-09-08 14:10:00,B,40.15,8.81,6.319,19.384,12.216,33.73,55.5,0.0,2.42,0.265,0
2026-09-08 14:20:00,B,40.86,7.63,6.085,18.197,12.546,34.56,56.3,0.0,1.33,0.253,0
2026-09-08 14:30:00,B,40.5,9.71,6.04,18.429,12.063,34.17,56.1,0.0,1.29,0.263,0
2026-09-08 14:40:00,B,40.02,8.94,6.103,19.424,12.092,34.09,55.3,0.0,2.75,0.263,0
2026-09-08 14:50:00,B,40.03,6.85,5.889,19.944,12.648,33.96,56.4,0.0,0.22,0.263,0
2026-09-08 15:00:00,B,40.9,9.23,5.93,18.274,12.145,33.18,57.7,0.0,1.39,0.247,0
2026-09-08 15:10:00,B,40.08,9.12,6.119,19.008,12.343,33.73,55.4,0.0,1.51,0.258,0
2026-09-08 15:20:00,B,40.36,6.64,6.449,18.789,12.651,33.35,56.4,0.0,1.09,0.26,0
2026-09-08 15:30:00,B,40.9,9.51,5.784,18.728,12.031,33.45,59.7,0.0,0.49,0.251,0
2026-09-08 15:40:00,B,40.07,8.61,6.352,19.119,12.426,33.2,57.5,0.0,1.79,0.22,0
2026-09-08 15:50:00,B,39.79,7.75,6.156,19.512,12.322,32.41,57.4,0.0,2.28,0.243,0
2026-09-08 16:00:00,B,40.23,8.56,5.959,18.6,12.065,32.8,55.4,0.0,1.4,0.268,0
2026-09-08 16:10:00,B,39.5,6.92,6.237,18.091,11.922,33.02,61.2,0.0,2.65,0.233,0
2026-09-08 16:20:00,B,40.14,7.66,5.901,19.227,12.398,33.15,60.6,0.0,2.08,0.239,0
2026-09-08 16:30:00,B,40.52,7.73,6.641,18.414,12.657,33.2,60.8,0.0,1.69,0.233,0
2026-09-08 16:40:00,B,40.42,9.37,5.909,18.881,12.542,32.96,58.6,0.0,2.5,0.238,0
2026-09-08 16:50:00,B,39.42,7.53,6.382,17.784,11.963,32.17,61.4,0.0,1.79,0.249,0
2026-09-08 17:00:00,B,39.73,7.5,6.053,19.16,12.066,32.33,61.2,0.0,1.73,0.246,0
2026-09-08 17:10:00,B,39.5,9.0,6.011,18.721,12.059,32.06,59.7,0.0,2.03,0.275,0
2026-09-08 17:20:00,B,39.83,9.04,5.992,19.638,12.291,32.04,63.4,0.0,1.65,0.248,0
2026-09-08 17:30:00,B,40.07,8.9,6.015,19.413,11.783,31.76,64.2,0.0,2.17,0.229,0
2026-09-08 17:40:00,B,39.49,5.57,5.615,18.067,12.404,31.99,65.2,0.0,1.71,0.239,0
2026-09-08 17:50:00,B,39.48,5.94,5.82,18.889,12.278,31.64,63.0,0.0,1.59,0.258,0
2026-09-08 18:00:00,B,39.78,8.75,6.211,19.731,12.172,31.68,65.9,0.0,2.27,0.236,0
2026-09-08 18:10:00,B,39.06,7.75,5.601,19.266,11.95,31.2,66.8,0.0,1.78,0.219,0
2026-09-08 18:20:00,B,39.43,6.84,5.834,18.588,12.139,31.81,64.4,0.0,1.39,0.273,0
2026-09-08 18:30:00,B,39.28,9.15,5.743,18.613,12.33,31.83,66.5,0.0,1.45,0.252,0
2026-09-08 18:40:00,B,39.23,9.05,5.966,18.839,12.132,30.51,68.2,0.0,1.79,0.258,0
2026-09-08 18:50:00,B,39.53,7.27,5.926,18.768,12.455,31.63,66.1,0.0,2.02,0.249,0
2026-09-08 19:00:00,B,39.1,8.92,6.252,18.653,12.689,31.04,69.5,0.0,2.8,0.252,0
2026-09-08 19:10:00,B,39.54,9.6,6.338,18.113,12.118,30.64,68.3,0.0,0.8,0.247,0
2026-09-08 19:20:00,B,39.22,9.03,6.253,19.176,12.088,30.29,68.3,0.0,1.41,0.247,0
2026-09-08 19:30:00,B,39.57,8.82,6.228,19.307,12.092,31.21,71.0,0.0,2.64,0.255,0
2026-09-08 19:40:00,B,39.05,7.71,6.437,19.526,12.181,30.48,68.4,0.0,1.57,0.255,0
2026-09-08 19:50:00,B,38.53,8.36,6.161,20.091,12.187,30.41,70.3,0.0,2.2,0.242,0
2026-09-08 20:00:00,B,38.84,9.4,6.026,19.166,12.603,30.36,67.8,0.0,1.99,0.237,0
2026-09-08 20:10:00,B,38.22,10.23,5.84,18.656,12.311,29.8,72.0,0.0,1.7,0.247,0
2026-09-08 20:20:00,B,38.61,8.4,6.09,19.238,12.002,30.18,71.1,0.0,2.79,0.248,0
2026-09-08 20:30:00,B,38.86,10.76,6.305,18.581,12.247,30.71,74.0,0.0,1.85,0.225,0
2026-09-08 20:40:00,B,38.86,7.94,6.38,19.86,12.013,29.83,73.2,0.0,2.09,0.263,0
2026-09-08 20:50:00,B,38.74,10.69,6.537,18.105,12.38,29.38,76.5,0.0,1.45,0.247,0
2026-09-08 21:00:00,B,38.21,6.66,5.916,19.282,11.879,29.26,69.7,0.0,0.81,0.239,0
2026-09-08 21:10:00,B,38.96,8.22,6.231,19.739,12.519,29.61,76.0,0.0,1.34,0.243,0
2026-09-08 21:20:00,B,38.47,8.83,6.08,19.055,12.337,28.73,73.9,0.0,2.04,0.263,0
2026-09-08 21:30:00,B,38.38,7.65,5.965,18.732,12.576,30.03,77.4,0.0,2.74,0.261,0
2026-09-08 21:40:00,B,38.09,6.61,5.942,17.806,12.21,28.22,76.5,0.0,1.28,0.249,0
2026-09-08 21:50:00,B,38.13,9.44,6.103,19.711,12.463,29.03,74.1,0.0,1.41,0.237,0
2026-09-08 22:00:00,B,38.06,8.43,6.137,18.428,12.604,28.51,77.2,0.0,2.68,0.265,0
2026-09-08 22:10:00,B,37.61,7.01,5.905,18.685,12.201,28.55,78.8,0.0,2.12,0.256,0
2026-09-08 22:20:00,B,37.99,7.53,5.89,18.783,12.375,28.68,75.2,0.0,2.18,0.266,0
2026-09-08 22:30:00,B,38.52,8.81,5.99,18.475,12.357,28.88,74.3,0.0,1.81,0.252,0
2026-09-08 22:40:00,B,38.43,8.81,5.959,18.639,12.992,28.57,77.3,0.0,1.61,0.232,0
2026-09-08 22:50:00,B,37.86,9.43,5.984,19.6,12.855,28.33,76.6,0.0,2.1,0.242,0
2026-09-08 23:00:00,B,37.91,8.17,6.127,20.086,12.452,28.81,81.2,0.0,1.85,0.252,0
2026-09-08 23:10:00,B,37.42,8.11,5.86,18.567,12.114,29.04,78.8,0.0,0.91,0.256,0
2026-09-08 23:20:00,B,37.84,5.7,6.384,19.084,12.54,27.88,77.4,0.0,2.02,0.239,0
2026-09-08 23:30:00,B,38.14,9.37,6.213,19.15,11.679,28.07,80.8,0.0,2.11,0.253,0
2026-09-08 23:40:00,B,37.6,8.32,6.024,18.883,12.199,28.14,83.2,0.0,1.92,0.247,0
2026-09-08 23:50:00,B,38.13,7.92,5.904,18.864,12.156,28.2,81.1,0.0,1.97,0.251,0
2026-09-09 00:00:00,B,38.04,8.79,6.289,19.603,12.442,28.17,81.2,0.0,1.26,0.263,0
2026-09-09 00:10:00,B,38.2,6.13,6.167,19.89,12.17,28.06,82.2,0.0,2.59,0.237,0
2026-09-09 00:20:00,B,37.4,7.32,6.192,19.029,12.312,28.13,80.7,0.0,2.19,0.247,0
2026-09-09 00:30:00,B,37.92,6.18,5.863,18.67,12.215,27.79,78.5,0.0,1.98,0.253,0
2026-09-09 00:40:00,B,37.58,9.48,5.793,18.079,11.948,28.18,80.1,0.0,1.58,0.243,0
2026-09-09 00:50:00,B,38.1,8.97,6.093,18.616,12.578,27.38,79.5,0.0,2.0,0.27,0
2026-09-09 01:00:00,B,37.64,8.76,6.403,19.232,12.613,27.98,81.2,0.0,1.77,0.214,0
2026-09-09 01:10:00,B,38.32,6.62,5.89,18.934,12.483,27.54,83.5,0.0,1.37,0.247,0
2026-09-09 01:20:00,B,37.77,7.69,6.37,18.055,12.367,28.09,78.4,0.0,1.81,0.218,0
2026-09-09 01:30:00,B,37.57,8.42,6.369,19.331,12.374,27.81,80.1,0.0,1.6,0.253,0
2026-09-09 01:40:00,B,37.48,7.93,6.524,17.994,12.444,27.84,81.9,0.0,0.91,0.244,0
2026-09-09 01:50:00,B,37.43,9.9,6.382,19.203,12.671,28.21,81.2,0.0,2.39,0.228,0
2026-09-09 02:00:00,B,38.17,9.48,6.07,20.048,12.467,27.6,79.5,0.0,1.56,0.273,0
2026-09-09 02:10:00,B,37.87,8.87,6.067,18.372,11.691,27.64,80.0,0.0,1.97,0.261,0
2026-09-09 02:20:00,B,38.0,8.23,6.427,18.815,12.32,28.16,79.7,0.0,1.95,0.232,0
2026-09-09 02:30:00,B,37.62,8.18,5.685,19.436,12.355,27.08,81.4,0.0,2.82,0.242,0
2026-09-09 02:40:00,B,37.6,7.32,5.967,18.644,12.441,28.12,78.9,0.0,1.9,0.23,0
2026-09-09 02:50:00,B,37.73,8.25,6.419,18.576,12.554,28.37,81.5,0.0,1.95,0.264,0
2026-09-09 03:00:00,B,38.24,6.05,6.316,18.578,12.45,28.26,80.4,0.0,2.4,0.24,0
2026-09-09 03:10:00,B,38.42,8.76,6.375,19.427,12.876,28.27,77.0,0.0,2.2,0.226,0
2026-09-09 03:20:00,B,37.67,6.55,6.071,19.102,12.518,28.37,79.2,0.0,1.77,0.245,0
2026-09-09 03:30:00,B,38.18,7.61,6.187,18.363,12.324,29.03,76.8,0.0,2.08,0.266,0
2026-09-09 03:40:00,B,38.01,8.97,6.295,20.53,12.108,28.15,82.0,0.0,1.43,0.262,0
2026-09-09 03:50:00,B,38.16,9.56,6.094,18.687,12.711,28.53,80.7,0.0,1.28,0.24,0
2026-09-09 04:00:00,B,38.02,7.06,6.344,18.878,12.198,29.06,77.0,0.0,2.03,0.241,0
2026-09-09 04:10:00,B,38.39,8.79,6.272,19.167,12.017,29.14,76.6,0.0,2.1,0.276,0
2026-09-09 04:20:00,B,38.88,8.4,5.733,17.867,12.637,29.35,74.9,0.0,1.17,0.272,0
2026-09-09 04:30:00,B,38.69,7.24,6.291,18.648,12.447,28.94,73.3,0.0,2.21,0.255,0
2026-09-09 04:40:00,B,38.47,8.32,5.998,18.6,12.549,29.37,74.7,0.0,1.67,0.238,0
2026-09-09 04:50:00,B,38.06,7.44,5.937,18.996,12.601,29.93,77.5,0.0,2.16,0.247,0
2026-09-09 05:00:00,B,38.05,6.3,6.172,18.985,12.07,30.2,77.2,0.0,2.02,0.294,0
2026-09-09 05:10:00,B,38.84,7.49,6.456,18.739,11.778,29.15,74.8,0.0,2.21,0.229,0
2026-09-09 05:20:00,B,38.56,7.56,5.91,19.109,12.39,29.69,72.5,0.0,1.57,0.22,0
2026-09-09 05:30:00,B,38.49,8.35,5.994,19.158,12.674,30.06,72.4,0.0,2.11,0.277,0
2026-09-09 05:40:00,B,39.35,9.23,5.886,18.998,11.934,30.64,74.9,0.0,2.14,0.259,0
2026-09-09 05:50:00,B,38.54,6.73,6.295,18.913,11.957,30.33,70.5,0.0,2.1,0.249,0
2026-09-09 06:00:00,B,39.09,5.14,6.291,19.085,12.481,30.11,75.3,0.0,1.98,0.254,0
2026-09-09 06:10:00,B,38.47,9.14,6.179,18.784,12.226,30.73,71.9,0.0,1.98,0.246,0
2026-09-09 06:20:00,B,38.77,7.15,5.856,18.407,12.033,30.64,71.1,0.0,1.95,0.244,0
2026-09-09 06:30:00,B,38.7,9.49,6.05,18.824,12.051,30.55,68.9,0.0,2.06,0.261,0
2026-09-09 06:40:00,B,38.99,8.45,6.017,18.893,12.245,30.94,67.8,0.0,2.48,0.229,0
2026-09-09 06:50:00,B,39.05,5.71,6.045,19.71,12.438,31.53,71.1,0.0,2.64,0.256,0
2026-09-09 07:00:00,B,39.12,7.29,6.302,18.577,12.187,31.13,70.0,0.0,1.6,0.234,0
2026-09-09 07:10:00,B,39.75,10.0,6.263,18.772,12.249,30.96,71.7,0.0,2.88,0.245,0
2026-09-09 07:20:00,B,39.17,7.46,5.84,18.822,12.036,30.39,69.1,0.0,1.59,0.251,0
2026-09-09 07:30:00,B,38.69,6.01,5.769,19.51,11.839,30.93,68.8,0.0,1.64,0.233,0
2026-09-09 07:40:00,B,39.5,7.63,5.503,19.367,12.189,31.1,67.3,0.0,0.57,0.262,0
2026-09-09 07:50:00,B,39.83,8.95,6.12,18.233,12.274,31.68,68.2,0.0,0.47,0.279,0
2026-09-09 08:00:00,B,39.39,8.18,6.124,19.497,12.232,31.55,62.9,0.0,2.33,0.25,0
2026-09-09 08:10:00,B,39.4,8.59,6.323,18.797,12.407,31.99,65.2,0.0,1.6,0.265,0
2026-09-09 08:20:00,B,40.42,6.69,6.238,19.25,12.207,32.71,64.6,0.0,2.88,0.255,0
2026-09-09 08:30:00,B,39.49,8.06,6.486,18.012,12.068,32.59,65.7,0.0,1.25,0.24,0
2026-09-09 08:40:00,B,39.81,8.34,6.223,18.474,11.881,32.66,64.0,0.0,1.97,0.234,0
2026-09-09 08:50:00,B,39.53,8.68,6.36,18.841,12.234,32.62,64.2,0.0,2.59,0.23,0
2026-09-09 09:00:00,B,40.59,6.55,6.082,19.266,13.001,32.62,62.6,0.0,1.32,0.22,0
2026-09-09 09:10:00,B,39.63,6.09,5.942,18.224,11.813,32.58,62.0,0.0,1.4,0.283,0
2026-09-09 09:20:00,B,39.57,8.25,5.853,19.387,12.364,32.82,59.2,0.0,1.88,0.266,0
2026-09-09 09:30:00,B,40.67,6.09,5.863,18.219,12.462,32.7,60.4,0.0,1.56,0.274,0
2026-09-09 09:40:00,B,39.99,9.29,6.208,19.905,12.234,32.74,59.9,0.0,1.87,0.259,0
2026-09-09 09:50:00,B,40.43,7.42,6.241,18.861,12.342,32.71,59.6,0.0,2.21,0.264,0
2026-09-09 10:00:00,B,40.31,8.99,6.345,18.094,12.311,33.16,60.4,0.0,0.74,0.263,0
2026-09-09 10:10:00,B,40.16,7.57,5.887,18.893,12.508,33.33,58.1,0.0,1.91,0.246,0
2026-09-09 10:20:00,B,39.93,9.19,6.432,18.61,11.89,33.6,56.6,0.0,1.42,0.258,0
2026-09-09 10:30:00,B,40.67,7.77,5.907,18.78,12.108,33.27,59.8,0.0,1.67,0.223,0
2026-09-09 10:40:00,B,40.47,6.61,5.728,19.049,12.864,33.62,57.9,0.0,1.35,0.254,0
2026-09-09 10:50:00,B,39.67,7.45,6.039,18.54,12.319,34.22,57.1,0.0,1.43,0.222,0
2026-09-09 11:00:00,B,40.31,9.28,6.133,18.996,12.472,33.48,57.4,0.0,1.77,0.251,0
2026-09-09 11:10:00,B,40.21,8.82,6.284,18.994,12.28,34.01,57.1,0.0,1.57,0.253,0
2026-09-09 11:20:00,B,40.98,7.28,6.145,19.202,12.007,34.1,58.2,0.0,2.14,0.237,0
2026-09-09 11:30:00,B,40.64,8.9,6.507,18.688,12.21,34.37,58.7,0.0,1.75,0.25,0
2026-09-09 11:40:00,B,40.7,7.9,5.939,18.815,12.581,34.35,55.3,0.0,1.28,0.261,0
2026-09-09 11:50:00,B,40.51,9.14,6.107,19.133,12.341,33.62,56.2,0.0,1.94,0.248,0
2026-09-09 12:00:00,B,41.11,8.66,5.851,17.738,11.829,33.48,53.1,0.0,1.24,0.256,0
2026-09-09 12:10:00,B,40.15,8.02,5.824,18.915,12.052,34.49,56.9,0.0,1.7,0.241,0
2026-09-09 12:20:00,B,40.42,8.72,6.402,18.99,11.985,34.44,57.3,0.0,2.09,0.248,0
2026-09-09 12:30:00,B,40.96,6.2,6.538,17.366,11.933,34.33,56.5,0.0,2.38,0.241,0
2026-09-09 12:40:00,B,40.8,7.99,6.064,19.621,12.208,34.04,55.9,0.0,2.15,0.241,0
2026-09-09 12:50:00,B,40.93,7.81,6.064,19.158,12.153,33.66,57.5,0.0,1.51,0.248,0
2026-09-09 13:00:00,B,40.56,6.36,6.028,18.561,12.332,34.37,54.7,0.0,2.1,0.246,0
2026-09-09 13:10:00,B,40.63,8.96,6.124,19.688,12.845,34.54,53.3,0.0,1.94,0.239,0
2026-09-09 13:20:00,B,41.28,9.61,5.982,18.879,12.291,33.96,56.8,0.0,1.25,0.27,0
2026-09-09 13:30:00,B,40.59,8.64,6.377,18.673,12.323,34.73,53.9,0.0,1.1,0.253,0
2026-09-09 13:40:00,B,40.45,8.67,6.018,19.072,12.275,34.15,54.4,0.0,1.45,0.233,0
2026-09-09 13:50:00,B,40.81,8.22,6.123,19.345,12.355,33.85,57.6,0.0,1.57,0.256,0
2026-09-09 14:00:00,B,40.32,7.27,5.943,18.846,12.56,34.27,58.0,0.0,2.37,0.24,0
2026-09-09 14:10:00,B,41.06,8.51,6.306,18.968,12.662,34.18,54.7,0.0,2.85,0.234,0
2026-09-09 14:20:00,B,40.37,6.1,5.589,18.239,12.347,33.39,53.1,0.0,1.76,0.244,0
2026-09-09 14:30:00,B,40.28,7.56,5.971,18.726,12.648,33.84,53.1,0.0,1.07,0.226,0
2026-09-09 14:40:00,B,40.33,8.64,6.147,19.243,12.128,33.98,55.2,0.0,1.72,0.22,0
2026-09-09 14:50:00,B,39.99,7.76,6.097,20.123,12.365,34.07,55.3,0.0,2.23,0.243,0
2026-09-09 15:00:00,B,40.92,8.51,6.227,18.809,12.534,33.64,53.7,0.0,2.34,0.238,0
2026-09-09 15:10:00,B,40.59,9.18,6.363,19.236,12.6,33.5,57.0,0.0,1.94,0.263,0
2026-09-09 15:20:00,B,40.41,6.48,6.113,19.433,12.205,32.9,59.0,0.0,1.58,0.246,0
2026-09-09 15:30:00,B,40.59,6.52,6.179,18.617,12.35,33.44,59.0,0.0,1.89,0.228,0
2026-09-09 15:40:00,B,39.54,7.93,6.026,18.606,12.691,33.04,60.7,0.0,1.04,0.255,0
2026-09-09 15:50:00,B,40.41,7.69,6.026,18.945,12.091,33.89,59.9,0.0,0.31,0.263,0
2026-09-09 16:00:00,B,40.34,7.84,6.174,18.768,12.163,34.31,59.9,0.0,1.41,0.219,0
2026-09-09 16:10:00,B,40.25,8.8,6.276,19.532,12.33,32.74,58.1,0.0,2.56,0.263,0
2026-09-09 16:20:00,B,39.97,7.34,6.094,19.056,12.148,33.1,59.5,0.0,1.81,0.26,0
2026-09-09 16:30:00,B,40.23,9.01,6.049,19.498,12.301,32.96,62.9,0.0,2.16,0.273,0
2026-09-09 16:40:00,B,40.33,5.97,5.735,18.922,12.449,32.69,59.3,0.0,2.51,0.225,0
2026-09-09 16:50:00,B,40.36,8.3,6.239,19.197,12.307,32.31,60.5,0.0,2.26,0.242,0
2026-09-09 17:00:00,B,40.0,6.29,5.868,18.455,12.503,32.59,62.9,0.0,1.71,0.258,0
2026-09-09 17:10:00,B,40.04,7.64,5.776,19.223,11.636,32.6,59.5,0.0,1.76,0.259,0
2026-09-09 17:20:00,B,39.56,6.8,6.374,19.304,12.399,32.73,62.4,0.0,1.94,0.221,0
2026-09-09 17:30:00,B,39.63,8.84,5.776,18.254,12.325,32.36,64.2,0.0,1.53,0.254,0
2026-09-09 17:40:00,B,39.48,7.39,6.432,18.747,12.619,32.27,64.3,0.0,1.51,0.256,0
2026-09-09 17:50:00,B,39.58,8.11,5.574,18.859,11.993,32.16,65.6,0.0,1.91,0.237,0
2026-09-09 18:00:00,B,39.47,8.39,6.388,19.481,11.476,31.83,61.1,0.0,1.38,0.257,0
2026-09-09 18:10:00,B,39.46,6.08,5.983,18.447,12.137,32.06,67.1,0.0,2.07,0.26,0
2026-09-09 18:20:00,B,39.6,7.36,6.534,19.077,12.278,32.24,65.2,0.0,2.51,0.248,0
2026-09-09 18:30:00,B,38.81,6.43,6.234,19.433,12.108,31.47,63.2,0.0,1.81,0.25,0
2026-09-09 18:40:00,B,40.53,7.56,5.841,18.207,12.107,31.33,65.9,0.0,1.55,0.262,0
2026-09-09 18:50:00,B,39.61,7.81,6.1,18.516,12.406,31.09,67.7,0.0,1.64,0.272,0
2026-09-09 19:00:00,B,39.06,7.74,6.076,19.175,12.084,30.91,69.1,0.0,0.76,0.267,0
2026-09-09 19:10:00,B,38.88,8.32,5.983,19.193,12.305,31.26,67.5,0.0,1.81,0.236,0
2026-09-09 19:20:00,B,39.36,8.78,6.0,19.825,11.75,30.26,69.9,0.0,1.72,0.249,0
2026-09-09 19:30:00,B,39.69,8.43,5.674,18.808,12.246,30.85,68.2,0.0,1.98,0.255,0
2026-09-09 19:40:00,B,38.61,8.63,5.745,19.268,12.21,30.47,69.7,0.0,1.79,0.269,0
2026-09-09 19:50:00,B,39.48,6.48,6.3,18.699,11.998,30.62,72.6,0.0,1.0,0.251,0
2026-09-09 20:00:00,B,39.17,7.82,5.958,19.278,12.442,30.76,75.0,0.0,2.04,0.245,0
2026-09-09 20:10:00,B,38.65,8.89,6.038,20.028,12.317,30.21,72.3,0.0,1.92,0.236,0
2026-09-09 20:20:00,B,38.25,7.01,6.46,18.21,12.155,30.35,72.5,0.0,0.64,0.242,0
2026-09-09 20:30:00,B,38.66,7.13,6.104,18.257,12.689,29.86,73.8,0.0,1.37,0.261,0
2026-09-09 20:40:00,B,38.39,6.94,6.208,18.221,12.601,29.14,74.8,0.0,2.73,0.225,0
2026-09-09 20:50:00,B,38.37,7.83,6.086,19.113,12.78,29.03,75.2,0.0,0.87,0.289,0
2026-09-09 21:00:00,B,38.5,8.14,6.538,17.504,11.98,29.33,72.5,0.0,1.65,0.246,0
2026-09-09 21:10:00,B,38.62,9.16,5.432,19.481,11.867,28.74,74.7,0.0,2.12,0.264,0
2026-09-09 21:20:00,B,37.98,7.54,5.85,18.017,12.242,29.09,74.2,0.0,1.23,0.247,0
2026-09-09 21:30:00,B,38.69,8.1,6.269,18.322,12.514,28.43,77.3,0.0,1.72,0.232,0
2026-09-09 21:40:00,B,37.35,7.77,5.929,20.044,12.496,29.32,76.1,0.0,1.56,0.246,0
2026-09-09 21:50:00,B,37.68,7.98,5.915,18.227,12.305,29.37,77.5,0.0,2.11,0.254,0
2026-09-09 22:00:00,B,37.96,7.0,5.929,18.329,12.295,28.68,76.3,0.0,2.43,0.251,0
2026-09-09 22:10:00,B,38.06,8.77,6.077,18.111,12.398,28.35,76.3,0.0,1.49,0.27,0
2026-09-09 22:20:00,B,37.95,9.08,6.683,18.839,12.341,28.58,80.4,0.0,1.55,0.246,0
2026-09-09 22:30:00,B,37.79,8.24,6.126,19.322,12.301,28.57,79.5,0.0,1.4,0.245,0
2026-09-09 22:40:00,B,38.28,7.11,6.072,19.037,11.925,28.61,81.2,0.0,1.36,0.241,0
2026-09-09 22:50:00,B,38.24,9.32,5.873,19.02,12.371,27.51,79.0,0.0,1.96,0.256,0
2026-09-09 23:00:00,B,38.07,8.21,6.236,19.0,12.151,27.62,78.3,0.0,1.44,0.237,0
2026-09-09 23:10:00,B,37.96,7.67,6.223,18.821,12.22,28.27,81.8,0.0,1.08,0.267,0
2026-09-09 23:20:00,B,37.89,7.33,5.991,19.492,12.567,28.37,77.6,0.0,1.13,0.266,0
2026-09-09 23:30:00,B,38.03,9.02,6.224,19.754,12.631,28.19,77.8,0.0,1.14,0.282,0
2026-09-09 23:40:00,B,37.62,7.39,5.994,18.742,12.329,27.4,81.4,0.0,1.92,0.279,0
2026-09-09 23:50:00,B,38.02,8.77,5.811,18.106,11.896,28.41,79.6,0.0,1.89,0.232,0
2026-09-10 00:00:00,B,38.08,9.46,5.943,18.716,12.611,27.76,81.7,0.0,2.04,0.22,0
2026-09-10 00:10:00,B,37.96,7.39,6.279,18.623,12.498,28.2,80.1,0.0,2.16,0.266,0
2026-09-10 00:20:00,B,38.17,9.01,5.91,19.789,12.373,27.71,78.0,0.0,1.71,0.235,0
2026-09-10 00:30:00,B,37.84,7.92,6.337,18.902,12.278,27.21,81.9,0.0,1.54,0.248,0
2026-09-10 00:40:00,B,37.78,8.4,6.399,18.788,12.284,28.44,79.7,0.0,2.15,0.262,0
2026-09-10 00:50:00,B,38.03,8.94,5.857,18.562,12.458,27.85,81.8,0.0,2.29,0.239,0
2026-09-10 01:00:00,B,37.28,8.92,6.074,19.193,12.304,28.43,80.9,0.0,1.43,0.233,0
2026-09-10 01:10:00,B,37.56,7.33,6.042,19.163,12.668,27.91,82.7,0.0,1.42,0.247,0
2026-09-10 01:20:00,B,37.47,8.6,6.147,19.671,11.813,27.83,80.2,0.0,1.38,0.242,0
2026-09-10 01:30:00,B,37.64,8.84,6.034,18.809,12.247,28.61,80.0,0.0,1.2,0.261,0
2026-09-10 01:40:00,B,37.98,9.6,6.42,19.687,12.659,28.28,79.2,0.0,0.57,0.254,0
2026-09-10 01:50:00,B,37.91,8.71,5.959,19.051,12.575,28.11,85.1,0.0,1.27,0.228,0
2026-09-10 02:00:00,B,38.8,7.44,6.014,19.808,12.349,27.67,81.5,0.0,1.76,0.247,0
2026-09-10 02:10:00,B,37.5,7.15,5.828,18.395,12.486,28.0,82.3,0.0,1.39,0.236,0
2026-09-10 02:20:00,B,38.27,7.47,6.142,19.635,12.872,27.71,78.8,0.0,1.98,0.271,0
2026-09-10 02:30:00,B,37.47,9.46,6.057,19.086,12.456,27.64,79.1,0.0,1.9,0.258,0
2026-09-10 02:40:00,B,38.39,7.84,6.252,19.758,12.314,28.2,82.7,0.0,2.13,0.243,0
2026-09-10 02:50:00,B,37.91,6.9,5.746,19.254,12.726,28.33,80.2,0.0,2.23,0.247,0
2026-09-10 03:00:00,B,38.07,6.73,6.114,18.128,11.773,27.94,74.6,0.0,1.29,0.242,0
2026-09-10 03:10:00,B,38.35,6.83,6.141,18.935,12.552,28.06,78.7,0.0,2.22,0.246,0
2026-09-10 03:20:00,B,37.45,6.76,6.567,19.376,12.549,28.42,79.3,0.0,1.34,0.231,0
2026-09-10 03:30:00,B,37.92,8.02,6.175,18.519,12.263,28.11,79.9,0.0,1.85,0.257,0
2026-09-10 03:40:00,B,37.68,7.24,6.319,18.897,12.049,29.06,74.3,0.0,2.22,0.24,0
2026-09-10 03:50:00,B,38.17,8.55,6.086,19.113,12.098,28.46,78.1,0.0,1.65,0.252,0
2026-09-10 04:00:00,B,37.85,6.22,6.196,18.332,12.543,28.46,78.1,0.0,1.72,0.266,0
2026-09-10 04:10:00,B,38.31,6.38,6.161,18.569,12.205,29.11,76.2,0.0,1.6,0.253,0
2026-09-10 04:20:00,B,38.6,8.56,5.772,19.371,12.085,28.64,77.0,0.0,2.01,0.253,0
2026-09-10 04:30:00,B,38.52,5.7,5.887,19.28,12.278,29.49,76.8,0.0,1.94,0.252,0
2026-09-10 04:40:00,B,38.01,8.51,5.738,19.997,12.564,28.62,76.4,0.0,1.27,0.264,0
2026-09-10 04:50:00,B,39.07,7.93,6.223,19.426,12.137,29.51,78.9,0.0,1.87,0.238,0
2026-09-10 05:00:00,B,39.03,9.89,6.403,18.966,12.205,29.74,75.9,0.0,2.39,0.266,0
2026-09-10 05:10:00,B,38.64,7.01,5.953,18.56,12.3,29.07,74.9,0.0,2.35,0.262,0
2026-09-10 05:20:00,B,38.41,7.83,5.849,17.776,12.07,29.7,74.1,0.0,1.54,0.273,0
2026-09-10 05:30:00,B,39.1,7.35,5.894,19.446,12.411,29.57,71.8,0.0,2.16,0.241,0
2026-09-10 05:40:00,B,38.3,8.16,6.615,18.995,12.369,30.38,74.5,0.0,1.53,0.247,0
2026-09-10 05:50:00,B,38.69,8.87,6.373,17.986,12.599,29.89,71.1,0.0,1.93,0.23,0
2026-09-10 06:00:00,B,38.81,9.23,5.986,18.857,11.823,29.74,73.0,0.0,0.73,0.231,0
2026-09-10 06:10:00,B,38.93,8.06,6.078,19.165,12.475,29.98,70.5,0.0,1.77,0.274,0
2026-09-10 06:20:00,B,38.87,7.55,6.111,19.042,12.195,30.26,73.2,0.0,1.64,0.252,0
2026-09-10 06:30:00,B,38.51,9.85,6.564,19.088,12.166,31.47,68.5,0.0,1.14,0.259,0
2026-09-10 06:40:00,B,39.0,9.21,5.827,18.952,12.334,30.8,67.1,0.0,3.14,0.217,0
2026-09-10 06:50:00,B,39.23,9.41,5.694,18.673,12.107,30.58,70.1,0.0,1.89,0.272,0
2026-09-10 07:00:00,B,38.61,8.72,6.285,18.687,12.98,31.2,73.5,0.0,1.6,0.234,0
2026-09-10 07:10:00,B,39.06,6.37,6.096,19.57,12.049,31.0,71.3,0.0,2.14,0.236,0
2026-09-10 07:20:00,B,39.23,7.41,5.877,18.691,11.949,31.22,67.8,0.0,2.2,0.253,0
2026-09-10 07:30:00,B,39.18,8.17,6.096,19.132,12.186,32.06,66.2,0.0,1.79,0.239,0
2026-09-10 07:40:00,B,39.19,7.55,5.781,18.579,12.294,31.81,65.0,0.0,2.51,0.206,0
2026-09-10 07:50:00,B,39.07,9.08,6.146,19.39,12.55,31.73,65.2,0.0,1.34,0.255,0
2026-09-10 08:00:00,B,39.79,9.09,6.0,19.189,12.378,31.73,65.8,0.0,2.54,0.246,0
2026-09-10 08:10:00,B,40.17,7.08,5.896,18.529,12.519,32.14,64.8,0.0,1.86,0.244,0
2026-09-10 08:20:00,B,39.03,6.93,5.995,18.933,12.398,32.31,63.2,0.0,1.45,0.265,0
2026-09-10 08:30:00,B,39.68,8.52,5.999,18.597,12.182,31.72,65.1,0.0,1.83,0.237,0
2026-09-10 08:40:00,B,39.27,8.13,6.029,19.471,11.987,32.15,61.3,0.0,1.68,0.247,0
2026-09-10 08:50:00,B,40.26,7.64,6.237,18.14,12.352,32.55,60.2,0.0,1.76,0.229,0
2026-09-10 09:00:00,B,39.45,8.73,5.877,19.513,12.887,33.01,59.2,0.0,1.51,0.268,0
2026-09-10 09:10:00,B,39.71,8.72,5.882,19.212,12.438,33.14,61.7,0.0,2.43,0.224,0
2026-09-10 09:20:00,B,40.29,8.37,6.569,18.672,12.181,33.21,61.5,0.0,2.26,0.269,0
2026-09-10 09:30:00,B,39.8,8.46,6.151,18.381,11.586,32.9,59.6,0.0,2.92,0.247,0
2026-09-10 09:40:00,B,39.78,6.25,5.933,18.847,12.279,33.35,59.6,0.0,1.43,0.249,0
2026-09-10 09:50:00,B,40.18,7.22,6.294,19.181,12.353,33.27,57.5,0.0,1.51,0.241,0
2026-09-10 10:00:00,B,40.01,7.69,6.174,19.873,12.434,33.27,60.4,0.0,2.03,0.251,0
2026-09-10 10:10:00,B,39.82,7.95,6.262,19.175,12.209,32.73,58.6,0.0,1.52,0.251,0
2026-09-10 10:20:00,B,39.96,9.28,6.163,19.954,12.433,33.32,55.8,0.0,2.05,0.262,0
2026-09-10 10:30:00,B,40.22,7.2,5.72,18.874,12.479,33.44,57.0,0.0,3.08,0.221,0
2026-09-10 10:40:00,B,40.72,7.87,6.148,17.849,12.452,34.13,58.1,0.0,2.02,0.235,0
2026-09-10 10:50:00,B,39.87,8.04,6.157,18.936,12.071,34.03,56.1,0.0,1.78,0.268,0
2026-09-10 11:00:00,B,40.56,7.64,6.081,19.223,12.044,33.24,58.7,0.0,2.18,0.265,0
2026-09-10 11:10:00,B,39.6,9.93,6.432,19.316,12.612,33.69,55.4,0.0,2.11,0.247,0
2026-09-10 11:20:00,B,40.57,7.7,6.505,18.861,12.131,34.06,59.3,0.0,2.19,0.284,0
2026-09-10 11:30:00,B,40.4,7.41,6.16,19.427,12.481,33.74,53.6,0.0,1.86,0.24,0
2026-09-10 11:40:00,B,40.85,7.3,6.179,19.472,12.272,33.72,57.2,0.0,1.75,0.239,0
2026-09-10 11:50:00,B,40.44,8.02,5.76,18.805,12.496,34.0,53.8,0.0,1.91,0.261,0
2026-09-10 12:00:00,B,40.04,9.15,5.912,19.188,12.306,34.39,54.5,0.0,2.41,0.218,0
2026-09-10 12:10:00,B,40.31,7.3,6.239,19.482,12.096,34.55,53.5,0.0,0.86,0.26,0
2026-09-10 12:20:00,B,40.54,6.79,6.033,18.92,12.187,33.37,53.1,0.0,2.24,0.267,0
2026-09-10 12:30:00,B,40.82,8.81,6.007,19.154,12.08,34.01,52.0,0.0,1.15,0.225,0
2026-09-10 12:40:00,B,40.66,8.5,6.483,19.155,12.697,34.38,56.5,0.0,1.8,0.253,0
2026-09-10 12:50:00,B,40.68,7.39,6.282,18.313,12.46,34.51,53.9,0.0,1.24,0.251,0
2026-09-10 13:00:00,B,40.64,7.75,6.221,18.963,12.273,33.91,56.5,0.0,1.45,0.217,0
2026-09-10 13:10:00,B,40.68,6.21,5.634,19.144,12.239,33.97,54.8,0.0,1.87,0.252,0
2026-09-10 13:20:00,B,40.11,4.96,6.242,18.355,12.772,34.49,56.3,0.0,2.42,0.248,0
2026-09-10 13:30:00,B,40.9,7.39,6.082,18.478,12.05,33.86,55.4,0.0,2.02,0.229,0
2026-09-10 13:40:00,B,40.28,8.68,5.88,18.625,11.956,34.32,55.5,0.0,1.22,0.234,0
2026-09-10 13:50:00,B,40.38,8.65,5.909,19.138,12.19,33.77,55.0,0.0,1.77,0.251,0
2026-09-10 14:00:00,B,40.78,7.79,5.97,18.896,12.311,33.83,55.8,0.0,1.56,0.275,0
2026-09-10 14:10:00,B,41.03,5.35,6.338,19.637,12.84,34.12,54.3,0.0,1.04,0.258,0
2026-09-10 14:20:00,B,40.34,7.24,6.546,19.583,12.399,34.25,54.5,0.0,1.91,0.232,0
2026-09-10 14:30:00,B,41.03,6.68,5.844,19.264,12.102,33.99,58.9,0.0,1.86,0.229,0
2026-09-10 14:40:00,B,40.79,8.2,5.904,19.767,12.629,33.69,58.0,0.0,1.77,0.231,0
2026-09-10 14:50:00,B,40.33,7.5,6.505,17.915,12.162,33.39,58.5,0.0,1.8,0.215,0
2026-09-10 15:00:00,B,40.95,6.89,6.007,19.653,12.509,33.47,55.3,0.0,2.26,0.26,0
2026-09-10 15:10:00,B,40.34,8.94,6.171,19.349,12.294,33.58,54.4,0.0,1.67,0.259,0
2026-09-10 15:20:00,B,40.17,9.48,5.919,19.145,12.358,33.91,58.9,0.0,1.05,0.235,0
2026-09-10 15:30:00,B,40.28,7.24,6.325,19.903,12.567,33.72,58.4,0.0,2.13,0.262,0
2026-09-10 15:40:00,B,39.93,8.41,5.741,19.593,12.164,33.84,56.0,0.0,2.12,0.273,0
2026-09-10 15:50:00,B,40.32,6.96,6.04,18.78,12.549,33.42,59.0,0.0,1.21,0.246,0
2026-09-10 16:00:00,B,40.51,8.86,6.394,19.386,12.401,33.08,59.3,0.0,1.77,0.28,0
2026-09-10 16:10:00,B,39.95,7.9,6.238,19.036,12.344,33.53,60.0,0.0,0.94,0.249,0
2026-09-10 16:20:00,B,40.56,6.93,5.968,19.402,12.477,33.27,58.1,0.0,2.21,0.235,0
2026-09-10 16:30:00,B,40.39,9.36,6.324,18.126,12.525,33.61,60.4,0.0,2.22,0.256,0
2026-09-10 16:40:00,B,39.96,7.43,6.13,19.447,12.282,32.87,63.9,0.0,1.6,0.254,0
2026-09-10 16:50:00,B,40.36,7.56,6.007,19.369,12.482,32.71,64.1,0.0,1.55,0.249,0
2026-09-10 17:00:00,B,39.64,8.19,5.778,19.35,12.129,32.0,59.4,0.0,2.1,0.227,0
2026-09-10 17:10:00,B,39.44,8.58,6.336,19.22,12.1,32.59,62.5,0.0,2.58,0.237,0
2026-09-10 17:20:00,B,40.01,8.69,5.754,18.531,12.04,32.42,62.5,0.0,2.16,0.265,0
2026-09-10 17:30:00,B,40.44,6.89,5.891,18.769,12.54,32.34,61.1,0.0,2.78,0.253,0
2026-09-10 17:40:00,B,38.88,6.53,6.406,18.72,12.588,31.8,64.1,0.0,1.08,0.254,0
2026-09-10 17:50:00,B,39.04,8.34,5.974,19.066,11.48,32.7,65.1,0.0,1.75,0.225,0
2026-09-10 18:00:00,B,38.97,9.72,5.741,18.595,12.326,31.72,62.2,0.0,1.62,0.237,0
2026-09-10 18:10:00,B,39.14,7.77,6.231,18.982,12.827,31.96,65.5,0.0,2.52,0.248,0
2026-09-10 18:20:00,B,38.96,9.44,6.151,18.873,12.375,31.4,62.8,0.0,0.57,0.253,0
2026-09-10 18:30:00,B,39.22,7.6,6.311,19.173,12.242,31.76,65.6,0.0,0.92,0.247,0
2026-09-10 18:40:00,B,40.13,7.58,6.371,19.502,12.172,31.37,68.2,0.0,2.31,0.26,0
2026-09-10 18:50:00,B,38.89,7.55,5.856,19.11,12.436,31.37,68.6,0.0,1.94,0.244,0
2026-09-10 19:00:00,B,39.42,9.31,6.203,19.92,12.075,31.13,64.5,0.0,1.26,0.279,0
2026-09-10 19:10:00,B,38.79,8.5,6.095,19.121,11.824,31.01,68.0,0.0,2.29,0.229,0
2026-09-10 19:20:00,B,39.3,8.19,6.335,19.353,12.022,30.88,67.5,0.0,1.22,0.252,0
2026-09-10 19:30:00,B,39.04,6.67,5.975,19.972,12.321,30.47,71.5,0.0,2.42,0.275,0
2026-09-10 19:40:00,B,39.2,9.56,6.619,20.152,12.434,30.06,72.6,0.0,1.72,0.262,0
2026-09-10 19:50:00,B,38.17,9.98,6.142,18.472,12.489,30.87,71.4,0.0,1.47,0.226,0
2026-09-10 20:00:00,B,38.66,4.71,6.231,19.424,12.402,30.02,72.5,0.0,1.34,0.285,0
2026-09-10 20:10:00,B,38.78,5.11,6.307,18.588,12.589,29.59,71.5,0.0,0.83,0.233,0
2026-09-10 20:20:00,B,39.2,7.4,6.183,19.034,12.138,29.44,72.6,0.0,2.13,0.239,0
2026-09-10 20:30:00,B,38.99,6.31,6.189,18.864,12.606,30.0,71.5,0.0,2.11,0.263,0
2026-09-10 20:40:00,B,38.63,6.21,5.786,19.033,12.503,30.02,74.7,0.0,1.99,0.253,0
2026-09-10 20:50:00,B,38.52,9.81,5.948,18.103,12.245,29.38,74.9,0.0,2.08,0.248,0
2026-09-10 21:00:00,B,38.64,6.94,5.766,19.068,12.406,29.48,74.8,0.0,2.6,0.257,0
2026-09-10 21:10:00,B,37.51,7.44,5.903,18.419,11.725,29.3,75.4,0.0,1.57,0.218,0
2026-09-10 21:20:00,B,38.47,8.95,6.124,18.14,12.799,29.7,76.4,0.0,2.09,0.253,0
2026-09-10 21:30:00,B,38.51,7.74,6.349,19.4,12.601,28.84,75.0,0.0,2.78,0.255,0
2026-09-10 21:40:00,B,38.23,6.83,6.165,19.159,12.727,28.99,74.7,0.0,2.37,0.234,0
2026-09-10 21:50:00,B,38.63,9.26,6.135,19.754,12.65,28.24,80.4,0.0,1.51,0.241,0
2026-09-10 22:00:00,B,37.73,7.27,6.15,18.723,12.212,28.54,74.7,0.0,2.25,0.232,0
2026-09-10 22:10:00,B,37.86,8.68,5.897,18.847,12.279,28.91,77.6,0.0,1.98,0.253,0
2026-09-10 22:20:00,B,38.25,8.91,6.156,19.334,12.17,28.8,77.2,0.0,1.87,0.245,0
2026-09-10 22:30:00,B,38.2,7.08,5.884,19.235,12.409,27.97,78.3,0.0,2.25,0.252,0
2026-09-10 22:40:00,B,37.82,9.43,6.219,19.656,12.114,28.56,77.3,0.0,1.23,0.25,0
2026-09-10 22:50:00,B,38.43,7.36,6.593,18.342,11.756,28.15,78.2,0.0,2.07,0.238,0
2026-09-10 23:00:00,B,37.92,7.47,5.862,18.734,12.196,28.77,79.0,0.0,1.86,0.229,0
2026-09-10 23:10:00,B,38.32,7.05,6.144,19.289,11.985,29.18,79.5,0.0,1.76,0.273,0
2026-09-10 23:20:00,B,38.74,7.49,6.269,18.969,12.312,27.93,82.0,0.0,2.19,0.255,0
2026-09-10 23:30:00,B,37.73,8.31,6.042,19.745,12.48,27.94,81.3,0.0,1.4,0.288,0
2026-09-10 23:40:00,B,38.06,8.75,6.285,19.019,11.75,28.18,81.6,0.0,1.65,0.233,0
2026-09-10 23:50:00,B,38.5,6.99,6.376,19.21,12.135,28.38,80.7,0.0,1.49,0.25,0
2026-09-11 00:00:00,B,38.0,7.64,6.046,18.525,12.112,27.61,80.2,0.0,2.63,0.248,0
2026-09-11 00:10:00,B,37.72,8.1,6.226,18.946,12.832,27.54,78.8,0.0,2.45,0.263,0
2026-09-11 00:20:00,B,37.67,8.39,6.315,18.424,11.904,28.18,82.3,0.0,2.33,0.256,0
2026-09-11 00:30:00,B,38.01,6.2,6.093,18.586,12.747,27.64,81.1,0.0,1.9,0.257,0
2026-09-11 00:40:00,B,38.5,8.19,6.044,17.958,12.21,28.09,81.9,0.0,0.45,0.273,0
2026-09-11 00:50:00,B,37.28,8.93,6.001,19.232,12.655,27.83,81.9,0.0,2.11,0.246,0
2026-09-11 01:00:00,B,37.66,6.98,6.469,19.437,12.645,27.73,79.7,0.0,1.3,0.242,0
2026-09-11 01:10:00,B,38.26,8.18,5.955,18.987,12.651,27.76,81.0,0.0,1.97,0.264,0
2026-09-11 01:20:00,B,37.76,8.45,5.818,19.489,11.874,28.02,79.7,0.0,1.67,0.272,0
2026-09-11 01:30:00,B,37.84,8.3,6.151,18.731,12.225,27.67,80.4,0.0,1.7,0.241,0
2026-09-11 01:40:00,B,37.6,6.41,5.733,19.343,12.307,28.2,82.2,0.0,1.95,0.229,0
2026-09-11 01:50:00,B,38.3,7.99,6.404,19.1,12.448,27.78,81.0,0.0,1.53,0.262,0
2026-09-11 02:00:00,B,37.55,9.45,5.857,18.403,11.959,28.03,81.7,0.0,1.86,0.254,0
2026-09-11 02:10:00,B,37.64,6.05,6.064,19.09,12.089,28.36,79.4,0.0,1.91,0.25,0
2026-09-11 02:20:00,B,37.69,9.42,6.176,18.666,11.746,28.3,78.2,0.0,1.55,0.239,0
2026-09-11 02:30:00,B,38.32,8.61,6.206,18.824,11.759,28.03,79.3,0.0,2.01,0.24,0
2026-09-11 02:40:00,B,38.14,9.31,5.861,19.647,12.409,27.55,79.8,0.0,1.67,0.251,0
2026-09-11 02:50:00,B,38.67,8.88,6.163,19.035,12.165,28.15,77.9,0.0,1.62,0.245,0
2026-09-11 03:00:00,B,38.2,8.94,5.976,19.011,11.919,28.9,80.6,0.0,2.6,0.3,0
2026-09-11 03:10:00,B,37.79,7.16,6.338,18.165,12.089,28.27,77.7,0.0,1.12,0.233,0
2026-09-11 03:20:00,B,38.28,8.76,6.301,18.921,11.864,28.71,80.4,0.0,1.96,0.303,0
2026-09-11 03:30:00,B,39.04,8.74,5.872,19.777,12.046,28.71,79.3,0.0,2.29,0.297,0
2026-09-11 03:40:00,B,38.85,10.57,6.246,19.513,12.198,28.83,78.1,0.0,2.56,0.286,0
2026-09-11 03:50:00,B,39.6,10.61,6.201,18.857,12.293,28.6,79.5,0.0,1.53,0.272,0
2026-09-11 04:00:00,B,39.68,10.45,6.107,18.406,12.251,28.49,76.8,0.0,1.8,0.286,0
2026-09-11 04:10:00,B,39.33,9.12,5.933,19.268,12.049,28.43,74.7,0.0,1.97,0.259,0
2026-09-11 04:20:00,B,39.5,9.52,6.132,18.374,12.151,29.25,76.6,0.0,2.15,0.243,0
2026-09-11 04:30:00,B,39.16,7.92,6.317,19.193,12.12,29.28,72.5,0.0,2.45,0.302,0
2026-09-11 04:40:00,B,40.41,10.77,6.146,18.949,12.397,28.89,76.3,0.0,1.26,0.279,0
2026-09-11 04:50:00,B,39.64,10.65,5.883,18.738,12.446,28.52,77.9,0.0,1.64,0.288,0
2026-09-11 05:00:00,B,39.38,10.04,5.751,19.256,12.509,29.22,71.7,0.0,1.47,0.3,0
2026-09-11 05:10:00,B,40.3,11.75,6.425,18.17,12.44,29.22,74.7,0.0,2.46,0.287,0
2026-09-11 05:20:00,B,39.96,10.54,6.082,18.073,12.353,29.51,75.3,0.0,1.08,0.313,0
2026-09-11 05:30:00,B,40.35,11.75,5.892,18.602,12.054,29.78,73.2,0.0,1.61,0.299,0
2026-09-11 05:40:00,B,40.02,12.59,5.554,18.015,12.232,30.13,72.6,0.0,2.56,0.286,0
2026-09-11 05:50:00,B,40.27,12.62,6.057,19.527,12.312,29.76,70.5,0.0,1.45,0.312,0
2026-09-11 06:00:00,B,40.62,11.7,5.874,18.624,12.517,29.57,71.5,0.0,1.44,0.299,0
2026-09-11 06:10:00,B,40.58,13.56,6.082,18.942,11.752,30.01,68.9,0.0,1.41,0.289,0
2026-09-11 06:20:00,B,40.79,12.74,6.264,18.698,12.548,29.85,70.7,0.0,2.26,0.346,0
2026-09-11 06:30:00,B,40.94,12.87,6.174,18.253,12.516,30.82,69.9,0.0,2.57,0.326,0
2026-09-11 06:40:00,B,40.93,11.96,6.141,17.685,12.792,30.39,71.2,0.0,1.59,0.33,0
2026-09-11 06:50:00,B,41.29,14.08,5.991,18.473,12.171,30.91,67.5,0.0,1.59,0.313,0
2026-09-11 07:00:00,B,41.25,15.66,6.233,18.812,12.498,30.74,68.2,0.0,1.69,0.312,0
2026-09-11 07:10:00,B,40.62,10.61,6.377,19.712,12.502,31.23,68.9,0.0,1.6,0.337,0
2026-09-11 07:20:00,B,41.99,13.78,6.599,18.073,12.116,32.29,68.4,0.0,1.72,0.347,0
2026-09-11 07:30:00,B,42.02,13.15,5.927,19.462,12.188,31.42,67.5,0.0,1.45,0.336,0
2026-09-11 07:40:00,B,42.33,14.56,5.877,19.031,12.707,31.21,66.8,0.0,2.7,0.34,0
2026-09-11 07:50:00,B,41.95,14.22,5.508,19.712,11.933,31.7,64.2,0.0,1.09,0.333,0
2026-09-11 08:00:00,B,42.11,14.55,6.366,18.005,12.26,32.07,64.3,0.0,1.3,0.352,0
2026-09-11 08:10:00,B,41.8,13.61,6.019,18.713,12.27,31.44,65.2,0.0,1.17,0.365,0
2026-09-11 08:20:00,B,42.12,13.96,6.328,18.333,12.13,32.04,62.9,0.0,2.02,0.317,0
2026-09-11 08:30:00,B,42.55,15.39,5.788,18.724,12.627,32.19,61.4,0.0,1.93,0.354,0
2026-09-11 08:40:00,B,42.73,15.2,6.35,19.056,12.279,31.64,65.2,0.0,2.07,0.335,0
2026-09-11 08:50:00,B,42.64,15.4,6.104,19.016,12.444,32.69,62.7,0.0,1.95,0.35,0
2026-09-11 09:00:00,B,42.87,15.19,5.944,19.378,12.691,32.65,63.2,0.0,2.63,0.347,0
2026-09-11 09:10:00,B,42.93,15.71,6.213,19.109,12.196,33.41,61.9,0.0,1.96,0.363,0
2026-09-11 09:20:00,B,43.79,15.05,6.245,18.902,12.231,33.06,60.5,0.0,2.14,0.343,0
2026-09-11 09:30:00,B,43.34,16.27,6.198,17.698,12.138,32.45,57.2,0.0,1.83,0.397,0
2026-09-11 09:40:00,B,43.74,15.57,6.319,19.199,12.262,32.93,59.0,0.0,2.35,0.361,0
2026-09-11 09:50:00,B,43.21,17.08,5.933,19.44,12.566,33.22,59.0,0.0,2.16,0.398,0
2026-09-11 10:00:00,B,42.74,16.05,5.937,18.775,12.557,32.37,60.2,0.0,1.91,0.351,0
2026-09-08 10:00:00,C,40.75,9.37,6.707,19.375,12.059,33.12,57.3,0.0,1.52,0.301,0
2026-09-08 10:10:00,C,40.69,8.95,5.812,19.38,12.489,33.36,56.6,0.0,1.05,0.275,0
2026-09-08 10:20:00,C,41.28,7.7,6.51,18.123,12.332,33.57,57.2,0.0,2.82,0.26,0
2026-09-08 10:30:00,C,41.39,5.54,6.494,18.923,12.377,32.93,56.8,0.0,2.32,0.287,0
2026-09-08 10:40:00,C,40.94,9.62,6.091,18.161,12.11,33.49,57.1,0.0,1.61,0.283,0
2026-09-08 10:50:00,C,40.95,7.0,6.305,18.912,12.752,33.91,57.2,0.0,1.24,0.27,0
2026-09-08 11:00:00,C,41.47,8.89,6.179,18.888,11.835,34.25,55.6,0.0,2.22,0.283,0
2026-09-08 11:10:00,C,41.08,8.71,6.348,19.948,12.109,33.29,56.3,0.0,2.29,0.267,0
2026-09-08 11:20:00,C,41.29,7.36,6.659,19.171,11.999,33.64,56.5,0.0,0.99,0.288,0
2026-09-08 11:30:00,C,41.25,7.69,6.159,19.701,12.227,34.46,51.4,0.0,1.79,0.296,0
2026-09-08 11:40:00,C,40.79,9.88,5.898,19.068,12.083,34.28,53.9,0.0,1.26,0.27,0
2026-09-08 11:50:00,C,42.05,6.19,6.541,19.263,12.516,34.3,57.3,0.0,2.87,0.286,0
2026-09-08 12:00:00,C,40.93,5.44,6.593,19.021,12.228,34.52,52.6,0.0,1.58,0.265,0
2026-09-08 12:10:00,C,41.44,6.63,6.458,18.988,11.745,34.67,52.5,0.0,1.36,0.284,0
2026-09-08 12:20:00,C,41.49,7.19,6.126,18.868,12.185,33.92,56.9,0.0,2.53,0.272,0
2026-09-08 12:30:00,C,41.31,9.09,6.388,19.27,12.066,34.41,57.0,0.0,1.84,0.278,0
2026-09-08 12:40:00,C,41.4,8.77,6.213,18.844,11.854,34.11,53.2,0.0,1.81,0.278,0
2026-09-08 12:50:00,C,41.66,9.44,6.073,18.967,12.129,34.44,52.7,0.0,2.21,0.265,0
2026-09-08 13:00:00,C,41.94,10.65,6.029,19.964,12.491,34.61,54.4,0.0,1.22,0.289,0
2026-09-08 13:10:00,C,41.75,8.26,6.175,19.014,12.104,33.93,53.8,0.0,2.38,0.257,0
2026-09-08 13:20:00,C,40.65,8.5,6.181,19.414,12.391,34.64,56.6,0.0,2.15,0.251,0
2026-09-08 13:30:00,C,41.66,10.37,6.493,19.884,12.244,34.1,57.9,0.0,1.09,0.245,0
2026-09-08 13:40:00,C,41.38,9.3,6.36,18.898,12.089,34.33,54.5,0.0,2.01,0.267,0
2026-09-08 13:50:00,C,40.69,8.32,6.011,18.725,12.019,34.06,56.1,0.0,1.95,0.285,0
2026-09-08 14:00:00,C,40.9,9.45,6.511,19.527,11.631,33.78,55.8,0.0,1.67,0.26,0
2026-09-08 14:10:00,C,41.59,8.9,6.314,18.862,12.331,33.72,55.7,0.0,2.42,0.284,0
2026-09-08 14:20:00,C,41.0,8.59,6.022,19.585,12.458,34.36,56.3,0.0,1.07,0.268,0
2026-09-08 14:30:00,C,41.15,8.45,6.081,18.411,12.295,33.87,52.6,0.0,2.77,0.251,0
2026-09-08 14:40:00,C,41.2,8.43,6.375,18.592,12.137,33.74,58.6,0.0,1.03,0.273,0
2026-09-08 14:50:00,C,41.15,9.15,6.51,18.598,12.002,33.75,61.0,0.0,2.23,0.269,0
2026-09-08 15:00:00,C,41.16,8.24,6.402,18.786,12.275,33.15,56.6,0.0,1.46,0.244,0
2026-09-08 15:10:00,C,40.89,11.53,6.64,18.848,12.627,34.22,57.8,0.0,1.31,0.27,0
2026-09-08 15:20:00,C,41.25,7.05,6.448,19.143,11.863,33.56,57.3,0.0,2.37,0.258,0
2026-09-08 15:30:00,C,40.57,8.88,6.569,19.577,12.517,32.97,58.6,0.0,1.17,0.283,0
2026-09-08 15:40:00,C,40.78,10.22,6.478,19.771,12.276,33.21,58.1,0.0,2.26,0.273,0
2026-09-08 15:50:00,C,41.3,7.85,5.96,19.61,12.023,32.95,60.7,0.0,1.53,0.256,0
2026-09-08 16:00:00,C,40.18,10.72,6.06,19.851,12.187,32.54,60.8,0.0,1.7,0.28,0
2026-09-08 16:10:00,C,41.66,8.43,6.089,19.294,12.077,33.1,58.7,0.0,2.02,0.294,0
2026-09-08 16:20:00,C,40.64,9.71,6.474,18.471,12.124,33.01,59.8,0.0,1.62,0.286,0
2026-09-08 16:30:00,C,40.38,9.21,6.59,19.411,11.84,32.93,61.1,0.0,2.16,0.26,0
2026-09-08 16:40:00,C,40.85,7.87,6.363,18.693,12.119,33.07,61.5,0.0,2.0,0.249,0
2026-09-08 16:50:00,C,40.54,11.11,6.185,18.199,12.481,33.12,59.3,0.0,2.19,0.261,0
2026-09-08 17:00:00,C,40.98,8.77,6.671,19.415,12.404,32.63,59.8,0.0,2.05,0.266,0
2026-09-08 17:10:00,C,40.8,8.89,6.366,19.038,11.882,32.27,63.7,0.0,1.56,0.264,0
2026-09-08 17:20:00,C,40.27,8.74,6.535,20.056,12.202,32.68,64.1,0.0,1.85,0.278,0
2026-09-08 17:30:00,C,39.72,7.39,6.435,19.483,12.11,32.0,60.0,0.0,1.6,0.285,0
2026-09-08 17:40:00,C,41.19,9.88,6.069,19.502,12.189,32.6,63.7,0.0,1.41,0.265,0
2026-09-08 17:50:00,C,40.2,6.67,6.428,18.6,12.21,32.55,63.1,0.0,1.99,0.278,0
2026-09-08 18:00:00,C,40.45,8.52,6.079,19.9,11.713,31.62,65.6,0.0,1.69,0.26,0
2026-09-08 18:10:00,C,40.49,8.84,6.601,19.333,11.699,32.39,66.5,0.0,2.52,0.258,0
2026-09-08 18:20:00,C,40.36,9.34,6.099,19.169,12.263,31.44,66.4,0.0,1.84,0.279,0
2026-09-08 18:30:00,C,39.81,7.78,6.217,19.597,11.63,31.31,65.0,0.0,1.68,0.254,0
2026-09-08 18:40:00,C,39.52,9.03,6.235,20.353,11.883,31.11,66.2,0.0,2.56,0.277,0
2026-09-08 18:50:00,C,40.4,8.0,6.124,19.026,12.157,30.8,68.0,0.0,1.36,0.285,0
2026-09-08 19:00:00,C,39.72,7.74,6.018,19.075,12.058,32.18,64.5,0.0,1.88,0.29,0
2026-09-08 19:10:00,C,40.06,7.83,6.237,18.765,11.986,31.26,68.0,0.0,1.93,0.269,0
2026-09-08 19:20:00,C,40.31,7.64,6.722,18.663,11.957,30.78,71.0,0.0,2.23,0.26,0
2026-09-08 19:30:00,C,40.14,10.41,6.085,19.092,12.312,30.58,69.9,0.0,2.36,0.223,0
2026-09-08 19:40:00,C,39.14,8.47,6.358,19.742,12.218,30.07,69.2,0.0,2.94,0.245,0
2026-09-08 19:50:00,C,39.29,7.32,6.275,19.091,12.343,30.36,70.4,0.0,1.76,0.268,0
2026-09-08 20:00:00,C,39.31,11.1,5.897,19.68,12.317,30.33,71.4,0.0,1.98,0.28,0
2026-09-08 20:10:00,C,39.41,10.13,6.225,20.451,12.078,30.33,72.7,0.0,0.44,0.284,0
2026-09-08 20:20:00,C,39.6,9.03,6.653,19.075,11.979,30.35,71.4,0.0,2.84,0.289,0
2026-09-08 20:30:00,C,39.83,10.12,6.759,20.435,11.701,29.46,74.9,0.0,1.48,0.267,0
2026-09-08 20:40:00,C,38.55,9.38,6.587,19.818,12.119,29.79,74.2,0.0,2.17,0.241,0
2026-09-08 20:50:00,C,38.93,7.06,6.5,19.346,12.313,29.58,71.2,0.0,1.96,0.295,0
2026-09-08 21:00:00,C,39.24,7.26,5.97,18.412,11.84,29.49,74.5,0.0,1.4,0.282,0
2026-09-08 21:10:00,C,39.18,7.68,6.378,20.052,12.388,29.09,75.6,0.0,2.06,0.278,0
2026-09-08 21:20:00,C,38.8,7.93,6.529,18.761,12.14,29.07,74.1,0.0,1.07,0.282,0
2026-09-08 21:30:00,C,39.17,10.84,6.252,18.782,11.691,28.88,74.6,0.0,2.21,0.29,0
2026-09-08 21:40:00,C,39.2,8.42,6.09,18.523,12.41,28.75,79.1,0.0,1.96,0.255,0
2026-09-08 21:50:00,C,38.82,9.76,6.285,19.275,12.556,28.8,74.6,0.0,1.63,0.262,0
2026-09-08 22:00:00,C,38.61,8.72,6.349,18.791,11.849,28.49,75.8,0.0,2.21,0.269,0
2026-09-08 22:10:00,C,39.23,10.22,6.561,19.043,11.99,28.85,76.3,0.0,1.36,0.273,0
2026-09-08 22:20:00,C,38.66,7.93,5.944,18.773,11.961,28.89,78.5,0.0,1.83,0.274,0
2026-09-08 22:30:00,C,39.04,8.56,6.204,19.151,12.07,28.21,76.7,0.0,2.15,0.267,0
2026-09-08 22:40:00,C,38.97,7.64,6.446,18.823,11.824,28.71,78.7,0.0,1.43,0.277,0
2026-09-08 22:50:00,C,38.87,7.6,6.352,19.532,12.528,28.56,75.8,0.0,1.34,0.259,0
2026-09-08 23:00:00,C,38.72,7.66,6.056,19.553,12.159,27.77,79.9,0.0,2.54,0.253,0
2026-09-08 23:10:00,C,37.98,7.81,6.279,20.209,12.076,28.57,79.4,0.0,1.99,0.294,0
2026-09-08 23:20:00,C,38.82,8.64,6.24,19.853,11.946,28.28,81.7,0.0,2.16,0.256,0
2026-09-08 23:30:00,C,38.44,10.76,6.196,19.505,12.334,27.8,81.2,0.0,1.09,0.266,0
2026-09-08 23:40:00,C,38.82,9.34,6.23,19.414,11.983,27.83,80.5,0.0,1.61,0.266,0
2026-09-08 23:50:00,C,38.54,6.3,6.293,18.536,12.441,27.96,80.3,0.0,2.22,0.292,0
2026-09-09 00:00:00,C,38.53,7.4,6.201,18.887,11.951,27.74,79.4,0.0,1.09,0.28,0
2026-09-09 00:10:00,C,39.06,8.36,6.475,19.726,12.418,27.9,77.5,0.0,1.68,0.273,0
2026-09-09 00:20:00,C,38.44,7.15,6.179,19.34,12.064,28.11,79.1,0.0,1.56,0.246,0
2026-09-09 00:30:00,C,39.27,12.72,6.261,19.778,12.668,27.68,80.9,0.0,2.19,0.276,0
2026-09-09 00:40:00,C,38.62,7.82,6.209,19.681,12.12,27.44,80.3,0.0,1.83,0.25,0
2026-09-09 00:50:00,C,38.15,8.34,6.432,18.468,12.311,27.55,81.0,0.0,1.98,0.275,0
2026-09-09 01:00:00,C,38.33,10.05,6.373,19.785,12.355,27.7,80.5,0.0,2.01,0.259,0
2026-09-09 01:10:00,C,38.76,8.58,6.035,19.486,12.145,27.97,81.0,0.0,2.06,0.311,0
2026-09-09 01:20:00,C,38.26,7.14,6.401,18.524,12.227,27.8,79.2,0.0,1.01,0.275,0
2026-09-09 01:30:00,C,39.38,7.41,6.193,19.282,11.771,27.29,76.9,0.0,1.38,0.283,0
2026-09-09 01:40:00,C,38.84,8.53,6.055,19.463,11.998,27.55,84.3,0.0,1.72,0.283,0
2026-09-09 01:50:00,C,38.45,9.47,6.601,19.558,12.31,27.91,79.4,0.0,2.15,0.263,0
2026-09-09 02:00:00,C,38.61,7.74,6.053,19.1,12.147,28.38,83.1,0.0,2.43,0.28,0
2026-09-09 02:10:00,C,38.61,9.52,6.222,20.592,12.035,28.29,83.7,0.0,1.57,0.257,0
2026-09-09 02:20:00,C,38.44,8.82,6.299,19.07,11.999,27.41,79.1,0.0,1.64,0.288,0
2026-09-09 02:30:00,C,38.86,7.83,5.918,19.58,12.739,28.36,79.1,0.0,2.99,0.251,0
2026-09-09 02:40:00,C,38.48,7.92,6.165,20.029,12.377,28.18,81.4,0.0,1.56,0.274,0
2026-09-09 02:50:00,C,38.64,5.28,6.184,19.411,12.147,27.89,81.8,0.0,1.76,0.268,0
2026-09-09 03:00:00,C,39.07,8.33,6.305,19.41,11.739,27.96,78.8,0.0,2.0,0.297,0
2026-09-09 03:10:00,C,39.33,8.12,6.367,20.207,12.409,28.42,76.5,0.0,2.06,0.264,0
2026-09-09 03:20:00,C,39.02,6.78,6.13,18.944,12.43,28.38,80.8,0.0,0.9,0.265,0
2026-09-09 03:30:00,C,38.67,9.89,6.563,19.849,12.37,28.37,81.0,0.0,0.9,0.244,0
2026-09-09 03:40:00,C,38.99,8.84,6.389,19.403,11.744,28.89,79.2,0.0,1.54,0.253,0
2026-09-09 03:50:00,C,38.48,7.46,6.277,19.122,12.291,28.03,73.0,0.0,0.54,0.28,0
2026-09-09 04:00:00,C,38.68,10.37,6.206,19.51,12.234,27.97,77.2,0.0,2.48,0.251,0
2026-09-09 04:10:00,C,39.27,9.43,5.823,19.416,12.298,29.14,78.0,0.0,1.92,0.248,0
2026-09-09 04:20:00,C,39.49,9.86,6.353,17.711,12.275,28.92,80.4,0.0,1.42,0.235,0
2026-09-09 04:30:00,C,39.06,8.95,6.665,18.825,12.434,28.7,72.2,0.0,1.68,0.285,0
2026-09-09 04:40:00,C,39.22,8.08,6.232,18.573,11.967,29.53,73.6,0.0,2.4,0.274,0
2026-09-09 04:50:00,C,38.97,9.53,6.638,18.958,11.475,28.88,74.3,0.0,1.87,0.303,0
2026-09-09 05:00:00,C,39.74,9.53,6.356,19.631,12.226,29.54,73.3,0.0,2.08,0.259,0
2026-09-09 05:10:00,C,39.38,8.33,6.201,18.961,12.151,30.48,73.7,0.0,1.67,0.267,0
2026-09-09 05:20:00,C,39.42,9.29,6.256,19.657,12.338,29.62,71.0,0.0,2.28,0.258,0
2026-09-09 05:30:00,C,39.06,8.65,6.078,19.006,12.054,29.93,73.7,0.0,1.45,0.265,0
2026-09-09 05:40:00,C,39.45,8.3,6.305,18.794,12.574,30.24,68.6,0.0,1.65,0.286,0
2026-09-09 05:50:00,C,39.18,9.4,6.242,18.841,12.447,29.98,71.7,0.0,1.38,0.254,0
2026-09-09 06:00:00,C,39.67,10.96,6.005,19.159,12.051,30.32,74.9,0.0,2.29,0.253,0
2026-09-09 06:10:00,C,40.11,8.96,6.328,20.038,12.302,29.82,69.8,0.0,1.55,0.271,0
2026-09-09 06:20:00,C,40.46,9.76,6.085,19.216,11.825,29.99,71.4,0.0,2.59,0.273,0
2026-09-09 06:30:00,C,40.01,8.74,5.739,18.336,12.746,30.4,67.2,0.0,1.04,0.264,0
2026-09-09 06:40:00,C,40.37,8.34,6.078,19.894,12.119,30.93,68.9,0.0,2.25,0.292,0
2026-09-09 06:50:00,C,39.98,7.43,5.889,19.323,12.159,31.35,70.1,0.0,1.87,0.283,0
2026-09-09 07:00:00,C,40.19,8.92,6.179,18.541,12.087,31.1,69.5,0.0,1.03,0.272,0
2026-09-09 07:10:00,C,39.91,8.99,6.193,20.02,12.315,31.13,67.9,0.0,2.16,0.271,0
2026-09-09 07:20:00,C,40.32,8.87,6.002,18.827,11.975,31.3,64.5,0.0,1.13,0.266,0
2026-09-09 07:30:00,C,40.13,7.47,6.492,19.004,12.05,31.16,66.8,0.0,1.94,0.255,0
2026-09-09 07:40:00,C,40.22,7.84,6.574,18.422,12.482,30.96,65.5,0.0,1.56,0.262,0
2026-09-09 07:50:00,C,40.07,8.63,6.242,19.213,11.604,31.56,65.2,0.0,0.78,0.27,0
2026-09-09 08:00:00,C,40.73,9.23,6.235,18.837,12.229,32.11,65.7,0.0,1.0,0.262,0
2026-09-09 08:10:00,C,40.06,8.35,6.012,19.453,12.161,32.24,62.3,0.0,1.81,0.273,0
2026-09-09 08:20:00,C,40.24,8.94,6.427,19.177,12.044,32.31,65.5,0.0,1.18,0.279,0
2026-09-09 08:30:00,C,40.89,7.94,6.343,19.12,12.226,32.64,61.0,0.0,1.87,0.253,0
2026-09-09 08:40:00,C,40.88,9.18,6.197,19.645,12.288,32.68,63.6,0.0,1.28,0.269,0
2026-09-09 08:50:00,C,39.88,8.96,6.424,19.27,12.405,32.62,62.2,0.0,1.75,0.26,0
2026-09-09 09:00:00,C,41.0,8.66,6.23,19.359,11.765,32.64,61.6,0.0,2.37,0.24,0
2026-09-09 09:10:00,C,40.73,7.93,6.156,19.912,12.173,32.58,60.8,0.0,1.43,0.257,0
2026-09-09 09:20:00,C,40.45,6.4,6.281,20.001,12.55,32.39,62.1,0.0,1.89,0.259,0
2026-09-09 09:30:00,C,40.42,8.54,6.399,19.181,12.191,32.85,58.7,0.0,1.61,0.265,0
2026-09-09 09:40:00,C,41.9,9.45,6.13,19.886,12.319,33.02,61.0,0.0,1.6,0.275,0
2026-09-09 09:50:00,C,40.86,7.16,6.003,19.084,12.323,32.94,61.2,0.0,1.55,0.259,0
2026-09-09 10:00:00,C,40.74,6.9,6.481,18.784,11.655,33.38,58.0,0.0,1.44,0.277,0
2026-09-09 10:10:00,C,40.47,7.41,6.33,19.326,12.767,33.4,61.3,0.0,1.48,0.29,0
2026-09-09 10:20:00,C,41.27,9.41,6.057,19.248,12.307,33.01,56.1,0.0,2.36,0.261,0
2026-09-09 10:30:00,C,41.36,9.32,6.286,20.119,12.344,33.8,56.4,0.0,2.38,0.253,0
2026-09-09 10:40:00,C,40.57,10.46,5.719,19.41,12.153,34.69,54.8,0.0,2.55,0.275,0
2026-09-09 10:50:00,C,41.36,9.12,6.146,18.71,11.883,33.07,55.3,0.0,1.45,0.256,0
2026-09-09 11:00:00,C,41.45,10.03,6.278,18.519,11.561,33.54,54.5,0.0,1.45,0.268,0
2026-09-09 11:10:00,C,40.68,7.09,6.153,19.801,12.362,34.14,55.9,0.0,2.2,0.281,0
2026-09-09 11:20:00,C,41.07,7.95,6.394,19.285,12.206,33.96,54.4,0.0,1.69,0.279,0
2026-09-09 11:30:00,C,42.01,6.9,6.421,19.591,12.476,34.44,56.9,0.0,2.5,0.282,0
2026-09-09 11:40:00,C,42.14,6.36,6.142,18.691,11.974,33.98,57.3,0.0,0.23,0.261,0
2026-09-09 11:50:00,C,40.75,9.87,5.735,19.687,12.146,34.18,54.0,0.0,1.33,0.285,0
2026-09-09 12:00:00,C,40.95,9.01,6.282,18.794,12.136,33.31,57.4,0.0,1.96,0.276,0
2026-09-09 12:10:00,C,41.47,9.77,6.331,19.874,12.008,34.5,58.7,0.0,1.35,0.263,0
2026-09-09 12:20:00,C,40.87,8.18,6.366,19.269,11.891,33.94,55.4,0.0,1.76,0.265,0
2026-09-09 12:30:00,C,41.81,10.14,6.259,19.763,12.428,34.42,53.8,0.0,2.53,0.265,0
2026-09-09 12:40:00,C,41.64,9.16,6.156,18.659,11.876,33.92,55.8,0.0,0.82,0.258,0
2026-09-09 12:50:00,C,41.59,8.84,6.128,20.093,11.956,34.69,53.5,0.0,2.5,0.312,0
2026-09-09 13:00:00,C,41.72,9.26,6.524,19.545,11.946,34.64,55.4,0.0,1.7,0.278,0
2026-09-09 13:10:00,C,41.09,10.44,6.331,19.318,12.227,34.43,52.4,0.0,1.65,0.27,0
2026-09-09 13:20:00,C,41.08,7.78,6.551,19.217,12.38,34.11,52.2,0.0,1.17,0.271,0
2026-09-09 13:30:00,C,41.33,9.03,6.209,19.032,12.449,34.06,52.8,0.0,1.88,0.266,0
2026-09-09 13:40:00,C,41.22,7.27,6.564,19.098,12.45,34.38,55.5,0.0,1.41,0.276,0
2026-09-09 13:50:00,C,40.98,7.71,6.813,19.556,12.08,34.51,53.9,0.0,2.14,0.246,0
2026-09-09 14:00:00,C,41.37,9.7,6.33,19.277,12.579,34.05,59.5,0.0,1.92,0.248,0
2026-09-09 14:10:00,C,41.62,8.51,6.802,19.085,12.349,34.81,54.1,0.0,1.94,0.263,0
2026-09-09 14:20:00,C,40.86,8.03,6.008,19.462,12.399,33.93,56.7,0.0,1.04,0.27,0
2026-09-09 14:30:00,C,41.18,8.08,6.259,19.531,12.284,33.62,56.7,0.0,2.24,0.27,0
2026-09-09 14:40:00,C,41.34,9.27,6.209,19.742,12.228,34.1,58.7,0.0,1.58,0.304,0
2026-09-09 14:50:00,C,41.4,8.56,6.152,19.395,11.729,34.87,57.8,0.0,1.44,0.275,0
2026-09-09 15:00:00,C,40.97,10.76,5.834,19.551,12.266,33.76,56.3,0.0,1.56,0.289,0
2026-09-09 15:10:00,C,41.59,7.98,6.07,19.567,11.666,33.65,56.6,0.0,1.83,0.276,0
2026-09-09 15:20:00,C,40.91,9.55,6.273,19.136,12.371,33.47,56.1,0.0,1.19,0.278,0
2026-09-09 15:30:00,C,41.01,8.47,6.489,19.714,12.389,33.45,57.5,0.0,1.87,0.259,0
2026-09-09 15:40:00,C,41.09,7.75,6.033,18.168,11.916,33.56,55.7,0.0,1.9,0.275,0
2026-09-09 15:50:00,C,41.46,8.73,5.885,18.789,12.464,33.26,56.6,0.0,1.19,0.267,0
2026-09-09 16:00:00,C,41.01,6.81,6.076,19.034,11.915,33.35,57.3,0.0,0.94,0.276,0
2026-09-09 16:10:00,C,40.93,6.2,6.166,18.866,12.311,33.14,57.4,0.0,2.16,0.254,0
2026-09-09 16:20:00,C,40.47,9.05,6.182,19.034,12.032,32.83,58.3,0.0,2.38,0.261,0
2026-09-09 16:30:00,C,40.81,7.73,6.471,18.944,11.791,33.28,55.8,0.0,1.41,0.29,0
2026-09-09 16:40:00,C,40.96,9.45,6.735,18.855,12.475,32.83,58.1,0.0,2.47,0.27,0
2026-09-09 16:50:00,C,40.54,8.02,6.253,19.23,11.953,32.01,60.7,0.0,2.11,0.263,0
2026-09-09 17:00:00,C,40.2,10.5,6.369,19.6,12.024,32.88,62.2,0.0,2.41,0.268,0
2026-09-09 17:10:00,C,40.76,9.3,6.559,18.946,12.369,32.97,61.7,0.0,1.83,0.274,0
2026-09-09 17:20:00,C,40.41,8.87,6.006,19.231,11.51,32.7,62.1,0.0,1.35,0.252,0
2026-09-09 17:30:00,C,40.35,8.82,6.652,19.11,12.518,32.35,61.7,0.0,1.66,0.295,0
2026-09-09 17:40:00,C,40.89,8.1,6.239,19.104,13.033,32.47,67.1,0.0,1.75,0.258,0
2026-09-09 17:50:00,C,40.71,7.72,6.31,18.914,12.489,32.37,61.0,0.0,2.18,0.268,0
2026-09-09 18:00:00,C,40.35,7.71,6.333,18.861,11.642,32.28,64.3,0.0,0.79,0.278,0
2026-09-09 18:10:00,C,40.55,10.33,6.727,18.873,11.558,31.68,69.1,0.0,1.93,0.28,0
2026-09-09 18:20:00,C,39.71,9.37,6.391,18.946,12.171,31.31,63.4,0.0,2.1,0.263,0
2026-09-09 18:30:00,C,40.52,8.15,6.575,19.007,12.028,31.03,68.1,0.0,1.12,0.272,0
2026-09-09 18:40:00,C,39.65,7.79,6.051,18.816,12.01,31.54,65.5,0.0,1.39,0.277,0
2026-09-09 18:50:00,C,40.24,10.49,6.187,19.003,12.205,31.75,68.6,0.0,2.17,0.261,0
2026-09-09 19:00:00,C,39.19,8.55,6.237,19.675,12.105,31.42,67.6,0.0,1.1,0.261,0
2026-09-09 19:10:00,C,39.79,8.27,6.239,19.191,11.918,30.62,70.0,0.0,1.59,0.28,0
2026-09-09 19:20:00,C,39.01,6.19,6.436,19.222,11.976,30.98,67.5,0.0,1.29,0.272,0
2026-09-09 19:30:00,C,39.46,8.92,7.065,18.781,11.647,30.79,71.7,0.0,2.13,0.275,0
2026-09-09 19:40:00,C,39.96,8.04,6.476,19.428,12.208,31.21,70.2,0.0,1.55,0.305,0
2026-09-09 19:50:00,C,39.45,8.33,5.822,19.646,12.239,30.53,72.2,0.0,1.46,0.285,0
2026-09-09 20:00:00,C,39.82,7.94,6.441,19.064,12.017,30.52,72.7,0.0,1.89,0.261,0
2026-09-09 20:10:00,C,39.9,8.35,6.122,20.86,12.016,30.31,73.7,0.0,1.82,0.274,0
2026-09-09 20:20:00,C,39.84,6.1,6.246,19.466,11.866,29.65,73.8,0.0,2.16,0.276,0
2026-09-09 20:30:00,C,39.5,10.37,6.258,19.202,11.917,29.32,72.5,0.0,2.41,0.257,0
2026-09-09 20:40:00,C,39.05,9.45,6.32,19.025,12.23,29.27,76.0,0.0,1.7,0.257,0
2026-09-09 20:50:00,C,39.4,6.74,6.248,20.334,12.305,29.27,73.4,0.0,1.98,0.237,0
2026-09-09 21:00:00,C,39.3,7.19,5.995,19.642,11.744,29.0,73.9,0.0,1.36,0.288,0
2026-09-09 21:10:00,C,39.59,8.82,6.214,20.065,12.49,28.57,75.2,0.0,1.98,0.284,0
2026-09-09 21:20:00,C,38.95,9.93,6.483,19.282,11.538,29.22,75.2,0.0,0.55,0.263,0
2026-09-09 21:30:00,C,39.05,9.54,6.462,18.97,12.024,29.82,76.6,0.0,2.0,0.268,0
2026-09-09 21:40:00,C,39.23,8.5,5.899,19.048,12.29,28.25,74.4,0.0,1.17,0.298,0
2026-09-09 21:50:00,C,39.17,9.83,6.252,19.155,12.11,28.73,77.8,0.0,1.53,0.254,0
2026-09-09 22:00:00,C,39.06,6.45,6.426,19.039,12.112,27.83,77.9,0.0,1.22,0.269,0
2026-09-09 22:10:00,C,38.64,9.13,6.197,19.531,11.738,28.9,77.9,0.0,0.61,0.246,0
2026-09-09 22:20:00,C,39.1,8.5,6.431,18.843,12.27,28.21,77.9,0.0,1.62,0.25,0
2026-09-09 22:30:00,C,38.81,8.46,6.496,19.501,12.034,28.82,81.0,0.0,2.14,0.275,0
2026-09-09 22:40:00,C,39.32,8.0,6.214,18.834,11.909,29.07,75.9,0.0,1.8,0.276,0
2026-09-09 22:50:00,C,38.77,8.41,6.57,19.466,12.085,28.72,79.3,0.0,1.34,0.26,0
2026-09-09 23:00:00,C,38.57,9.68,6.579,18.404,12.193,28.22,78.3,0.0,1.83,0.269,0
2026-09-09 23:10:00,C,38.69,8.93,6.096,20.304,12.097,27.87,79.8,0.0,2.65,0.258,0
2026-09-09 23:20:00,C,39.0,8.68,6.596,18.384,12.056,28.57,78.0,0.0,1.13,0.282,0
2026-09-09 23:30:00,C,38.84,8.18,6.315,19.691,12.311,27.95,78.7,0.0,0.9,0.26,0
2026-09-09 23:40:00,C,38.14,9.08,6.368,19.512,12.241,27.94,78.0,0.0,0.83,0.253,0
2026-09-09 23:50:00,C,39.08,8.29,6.39,18.478,12.265,28.37,83.4,0.0,1.48,0.282,0
2026-09-10 00:00:00,C,38.25,7.9,5.927,19.467,11.876,28.43,82.5,0.0,0.73,0.25,0
2026-09-10 00:10:00,C,38.86,7.13,6.315,19.328,12.108,28.46,81.0,0.0,2.67,0.274,0
2026-09-10 00:20:00,C,39.18,7.71,6.236,19.206,12.096,28.44,79.7,0.0,1.71,0.287,0
2026-09-10 00:30:00,C,39.06,7.02,6.59,18.993,11.794,28.13,81.7,0.0,1.61,0.289,0
2026-09-10 00:40:00,C,38.31,7.94,6.914,19.242,12.076,28.25,81.5,0.0,1.23,0.282,0
2026-09-10 00:50:00,C,38.64,7.24,6.323,19.59,11.552,27.69,81.5,0.0,1.48,0.283,0
2026-09-10 01:00:00,C,39.06,8.49,6.049,19.202,12.127,27.48,78.9,0.0,1.92,0.245,0
2026-09-10 01:10:00,C,38.24,7.35,6.11,19.353,11.594,27.92,80.0,0.0,1.52,0.251,0
2026-09-10 01:20:00,C,38.75,11.32,6.155,19.665,12.264,27.48,80.7,0.0,1.85,0.263,0
2026-09-10 01:30:00,C,38.7,9.87,6.269,19.561,12.148,27.93,79.2,0.0,0.99,0.247,0
2026-09-10 01:40:00,C,38.52,8.63,6.43,18.307,12.065,27.96,78.8,0.0,2.03,0.249,0
2026-09-10 01:50:00,C,38.35,9.33,6.263,19.421,12.243,27.33,80.3,0.0,1.38,0.281,0
2026-09-10 02:00:00,C,38.78,8.65,6.139,19.6,12.08,28.2,83.0,0.0,2.22,0.262,0
2026-09-10 02:10:00,C,38.22,7.36,6.015,19.329,12.709,28.03,84.4,0.0,1.71,0.271,0
2026-09-10 02:20:00,C,38.36,7.13,6.235,18.904,11.699,27.91,83.2,0.0,1.09,0.286,0
2026-09-10 02:30:00,C,39.37,7.16,6.545,19.112,12.073,28.53,80.3,0.0,2.26,0.267,0
2026-09-10 02:40:00,C,38.57,8.91,6.395,19.176,12.438,28.11,82.5,0.0,2.12,0.322,0
2026-09-10 02:50:00,C,37.51,9.13,6.007,19.323,11.685,27.39,78.3,0.0,1.79,0.287,0
2026-09-10 03:00:00,C,38.52,7.32,6.61,18.162,11.768,28.16,79.0,0.0,2.36,0.28,0
2026-09-10 03:10:00,C,39.4,9.12,6.572,18.883,12.528,27.71,77.8,0.0,1.29,0.265,0
2026-09-10 03:20:00,C,39.19,9.85,6.255,19.25,11.271,28.32,76.6,0.0,1.16,0.268,0
2026-09-10 03:30:00,C,38.46,9.42,6.239,19.472,12.003,27.75,77.5,0.0,1.63,0.29,0
2026-09-10 03:40:00,C,38.52,8.23,6.246,18.878,12.476,28.5,77.2,0.0,1.34,0.277,0
2026-09-10 03:50:00,C,38.43,9.26,6.127,18.945,12.295,29.57,75.1,0.0,1.76,0.288,0
2026-09-10 04:00:00,C,39.48,7.76,6.268,18.993,12.003,28.46,76.9,0.0,1.92,0.271,0
2026-09-10 04:10:00,C,38.97,9.17,6.377,18.796,12.101,28.88,77.9,0.0,2.89,0.267,0
2026-09-10 04:20:00,C,38.85,8.12,6.364,18.58,12.135,29.74,75.9,0.0,1.69,0.269,0
2026-09-10 04:30:00,C,39.48,8.31,6.327,18.806,11.681,28.97,78.2,0.0,1.87,0.231,0
2026-09-10 04:40:00,C,39.32,9.49,6.164,18.722,12.234,29.41,76.3,0.0,2.26,0.253,0
2026-09-10 04:50:00,C,39.3,10.03,6.064,18.942,11.699,29.78,71.5,0.0,2.53,0.244,0
2026-09-10 05:00:00,C,39.04,8.04,6.654,19.24,12.161,28.41,74.4,0.0,1.97,0.288,0
2026-09-10 05:10:00,C,39.55,9.28,6.611,18.524,12.195,29.44,72.2,0.0,1.74,0.303,0
2026-09-10 05:20:00,C,39.18,9.26,6.554,19.694,12.345,29.19,71.8,0.0,1.67,0.288,0
2026-09-10 05:30:00,C,39.19,7.81,6.235,19.895,11.474,29.66,70.5,0.0,2.05,0.267,0
2026-09-10 05:40:00,C,39.87,8.86,6.181,18.675,12.133,29.77,71.5,0.0,1.98,0.282,0
2026-09-10 05:50:00,C,39.56,8.44,6.612,18.524,11.953,29.52,71.4,0.0,2.01,0.284,0
2026-09-10 06:00:00,C,39.64,7.45,6.357,19.131,12.497,30.13,70.5,0.0,2.21,0.276,0
2026-09-10 06:10:00,C,40.26,9.14,6.544,19.426,11.897,30.8,70.1,0.0,1.92,0.277,0
2026-09-10 06:20:00,C,40.24,8.94,6.627,19.297,11.987,30.63,69.8,0.0,2.74,0.224,0
2026-09-10 06:30:00,C,39.46,8.71,6.391,19.333,12.377,30.35,68.5,0.0,1.54,0.257,0
2026-09-10 06:40:00,C,39.25,6.9,6.075,18.052,12.459,30.82,67.3,0.0,1.43,0.262,0
2026-09-10 06:50:00,C,39.78,7.52,6.391,19.173,12.361,30.87,67.6,0.0,0.94,0.272,0
2026-09-10 07:00:00,C,40.07,9.32,6.295,18.736,12.584,31.3,66.9,0.0,1.79,0.275,0
2026-09-10 07:10:00,C,40.41,6.38,6.297,18.237,12.036,31.03,64.5,0.0,1.23,0.282,0
2026-09-10 07:20:00,C,40.23,7.06,6.527,19.694,12.03,31.16,66.2,0.0,1.23,0.263,0
2026-09-10 07:30:00,C,40.21,8.69,5.987,19.424,12.121,31.04,69.8,0.0,1.26,0.258,0
2026-09-10 07:40:00,C,39.75,10.92,6.244,18.981,12.306,31.31,67.0,0.0,1.89,0.285,0
2026-09-10 07:50:00,C,40.01,6.95,6.295,18.9,12.124,32.24,66.1,0.0,2.17,0.268,0
2026-09-10 08:00:00,C,40.42,8.07,6.19,19.303,12.324,31.77,63.6,0.0,1.82,0.279,0
2026-09-10 08:10:00,C,40.53,9.55,6.112,18.966,12.514,32.4,65.9,0.0,1.97,0.265,0
2026-09-10 08:20:00,C,40.27,8.69,6.273,19.006,11.962,32.05,62.2,0.0,1.62,0.272,0
2026-09-10 08:30:00,C,40.61,7.31,6.194,18.38,12.166,32.26,60.2,0.0,2.36,0.278,0
2026-09-10 08:40:00,C,40.73,8.82,6.322,18.957,12.219,32.43,62.3,0.0,1.71,0.263,0
2026-09-10 08:50:00,C,40.45,10.17,6.218,19.03,12.357,32.65,60.2,0.0,1.78,0.252,0
2026-09-10 09:00:00,C,40.43,10.22,6.242,19.254,12.03,32.32,62.4,0.0,2.64,0.265,0
2026-09-10 09:10:00,C,40.91,8.24,6.613,19.002,11.879,33.12,59.7,0.0,1.78,0.289,0
2026-09-10 09:20:00,C,41.15,8.12,6.392,18.933,11.901,32.64,58.5,0.0,1.55,0.274,0
2026-09-10 09:30:00,C,40.51,8.94,6.357,19.308,12.491,33.25,61.6,0.0,1.82,0.288,0
2026-09-10 09:40:00,C,41.2,9.03,6.047,19.454,12.074,33.46,57.6,0.0,2.08,0.267,0
2026-09-10 09:50:00,C,41.12,8.11,6.459,20.327,12.596,33.11,60.2,0.0,1.44,0.262,0
2026-09-10 10:00:00,C,41.32,8.96,6.277,19.179,11.816,33.45,57.0,0.0,2.71,0.278,0
2026-09-10 10:10:00,C,41.08,8.82,6.171,18.769,11.935,33.51,55.3,0.0,1.95,0.274,0
2026-09-10 10:20:00,C,40.91,11.14,6.213,19.653,11.982,33.64,58.8,0.0,1.73,0.248,0
2026-09-10 10:30:00,C,40.43,10.51,6.326,18.273,11.992,33.72,59.1,0.0,1.87,0.256,0
2026-09-10 10:40:00,C,40.87,9.64,6.466,19.307,11.987,33.99,59.3,0.0,1.76,0.264,0
2026-09-10 10:50:00,C,40.82,11.04,5.902,20.133,11.843,33.86,54.9,0.0,1.72,0.249,0
2026-09-10 11:00:00,C,41.19,4.99,5.844,19.527,12.326,34.39,57.0,0.0,1.91,0.287,0
2026-09-10 11:10:00,C,41.58,9.56,6.279,19.003,12.312,33.85,57.2,0.0,0.84,0.255,0
2026-09-10 11:20:00,C,41.53,8.96,6.247,19.51,11.994,33.92,57.8,0.0,2.23,0.264,0
2026-09-10 11:30:00,C,41.73,8.87,6.277,19.629,11.797,33.72,57.1,0.0,2.28,0.276,0
2026-09-10 11:40:00,C,41.85,8.03,6.278,19.273,12.366,33.84,56.9,0.0,1.81,0.275,0
2026-09-10 11:50:00,C,41.64,7.63,6.279,18.931,12.133,34.38,56.5,0.0,3.0,0.262,0
2026-09-10 12:00:00,C,41.33,7.8,6.155,19.473,12.654,33.27,54.5,0.0,1.66,0.252,0
2026-09-10 12:10:00,C,41.56,7.98,5.951,20.182,12.286,33.89,57.7,0.0,2.51,0.251,0
2026-09-10 12:20:00,C,40.99,7.93,5.781,19.203,12.492,33.76,54.1,0.0,1.94,0.248,0
2026-09-10 12:30:00,C,41.37,7.49,6.368,19.445,12.439,33.98,54.4,0.0,2.32,0.269,0
2026-09-10 12:40:00,C,41.25,7.76,6.343,18.525,12.157,34.56,53.0,0.0,2.39,0.252,0
2026-09-10 12:50:00,C,41.04,6.64,6.218,18.593,11.749,33.77,57.4,0.0,0.62,0.277,0
2026-09-10 13:00:00,C,41.54,8.31,6.676,19.466,12.004,34.27,57.7,0.0,1.21,0.283,0
2026-09-10 13:10:00,C,41.15,9.62,6.457,18.326,12.154,34.02,54.2,0.0,1.65,0.277,0
2026-09-10 13:20:00,C,41.65,9.51,6.615,19.404,12.667,33.8,53.8,0.0,1.5,0.256,0
2026-09-10 13:30:00,C,41.74,8.45,6.21,18.888,12.593,34.0,52.0,0.0,1.86,0.238,0
2026-09-10 13:40:00,C,41.31,9.03,6.475,19.974,12.316,34.23,54.0,0.0,1.61,0.285,0
2026-09-10 13:50:00,C,41.11,8.28,6.508,19.627,11.467,34.76,52.7,0.0,2.38,0.243,0
2026-09-10 14:00:00,C,41.77,9.14,6.601,18.785,11.648,34.35,55.3,0.0,3.11,0.263,0
2026-09-10 14:10:00,C,41.29,9.2,6.823,19.464,11.989,33.63,52.4,0.0,1.06,0.283,0
2026-09-10 14:20:00,C,41.81,10.17,6.268,18.839,12.285,34.44,56.1,0.0,1.97,0.282,0
2026-09-10 14:30:00,C,41.0,8.36,6.268,19.196,11.974,33.66,56.7,0.0,1.93,0.258,0
2026-09-10 14:40:00,C,41.54,10.6,6.247,20.387,11.949,34.14,55.4,0.0,1.16,0.28,0
2026-09-10 14:50:00,C,41.31,8.2,6.633,19.344,12.329,34.13,59.2,0.0,1.55,0.253,0
2026-09-10 15:00:00,C,40.43,11.66,6.6,19.763,12.06,33.63,56.2,0.0,1.55,0.277,0
2026-09-10 15:10:00,C,41.16,6.88,6.393,19.191,12.041,34.01,58.4,0.0,1.69,0.259,0
2026-09-10 15:20:00,C,41.3,9.41,5.883,19.182,12.516,33.54,57.1,0.0,1.62,0.274,0
2026-09-10 15:30:00,C,40.87,7.92,6.315,19.403,12.189,32.82,59.1,0.0,1.11,0.263,0
2026-09-10 15:40:00,C,41.18,11.07,6.523,18.948,12.16,33.85,57.8,0.0,1.58,0.273,0
2026-09-10 15:50:00,C,40.63,7.38,5.856,20.2,12.219,33.61,58.9,0.0,2.43,0.257,0
2026-09-10 16:00:00,C,40.58,5.88,6.158,19.192,12.044,33.41,58.9,0.0,1.38,0.252,0
2026-09-10 16:10:00,C,40.52,7.57,6.369,19.27,11.951,32.58,58.4,0.0,1.37,0.288,0
2026-09-10 16:20:00,C,41.69,10.12,5.879,19.75,11.918,33.04,60.8,0.0,2.06,0.275,0
2026-09-10 16:30:00,C,40.77,8.68,6.371,19.805,12.007,32.58,60.1,0.0,1.77,0.252,0
2026-09-10 16:40:00,C,41.14,8.11,6.34,19.45,12.149,32.21,63.0,0.0,1.68,0.286,0
2026-09-10 16:50:00,C,40.11,8.69,6.505,20.257,12.416,32.49,62.2,0.0,2.65,0.248,0
2026-09-10 17:00:00,C,40.97,7.76,6.277,19.934,12.142,31.79,59.6,0.0,1.84,0.258,0
2026-09-10 17:10:00,C,40.75,7.4,6.339,20.166,12.228,32.79,63.0,0.0,0.77,0.265,0
2026-09-10 17:20:00,C,40.57,7.92,6.004,18.825,12.346,32.21,62.9,0.0,1.36,0.255,0
2026-09-10 17:30:00,C,40.34,7.76,6.61,18.678,12.28,31.7,63.6,0.0,1.46,0.253,0
2026-09-10 17:40:00,C,40.94,10.07,6.456,19.122,12.301,31.96,63.8,0.0,1.85,0.277,0
2026-09-10 17:50:00,C,40.31,8.06,6.359,18.51,12.228,32.53,62.8,0.0,1.84,0.287,0
2026-09-10 18:00:00,C,40.39,10.09,6.125,19.304,11.952,31.89,63.3,0.0,2.23,0.295,0
2026-09-10 18:10:00,C,40.36,8.74,6.191,20.384,12.264,31.96,64.3,0.47,2.46,0.285,0
2026-09-10 18:20:00,C,40.2,7.76,6.06,19.254,12.264,31.34,65.1,0.0,2.4,0.287,0
2026-09-10 18:30:00,C,40.32,8.74,6.26,19.268,12.234,31.07,68.3,0.0,2.11,0.296,0
2026-09-10 18:40:00,C,40.3,9.44,6.059,19.361,12.069,31.43,70.1,0.0,1.37,0.293,0
2026-09-10 18:50:00,C,40.86,9.37,5.856,19.179,12.406,31.62,69.8,0.0,1.86,0.285,0
2026-09-10 19:00:00,C,40.86,6.94,5.926,19.696,12.176,30.87,69.4,0.0,1.56,0.303,0
2026-09-10 19:10:00,C,40.28,8.29,6.275,18.825,11.735,30.5,68.0,0.0,1.29,0.326,0
2026-09-10 19:20:00,C,40.98,7.4,5.944,19.312,12.098,31.41,71.2,0.0,1.42,0.292,0
2026-09-10 19:30:00,C,40.22,8.07,6.503,20.154,12.334,31.09,66.7,0.0,1.85,0.286,0
2026-09-10 19:40:00,C,40.19,9.16,6.041,19.909,11.807,30.56,70.6,0.0,2.23,0.313,0
2026-09-10 19:50:00,C,40.51,10.05,6.632,19.469,11.593,30.21,73.1,0.0,1.51,0.311,0
2026-09-10 20:00:00,C,40.49,11.12,6.429,20.189,11.888,30.64,70.1,0.0,0.86,0.302,0
2026-09-10 20:10:00,C,40.2,10.19,6.295,19.675,11.636,30.19,71.8,0.0,1.96,0.353,0
2026-09-10 20:20:00,C,40.07,10.28,6.051,19.43,11.961,29.78,74.0,0.0,1.77,0.343,0
2026-09-10 20:30:00,C,40.28,11.12,6.224,20.297,12.131,29.51,74.2,0.0,1.96,0.344,0
2026-09-10 20:40:00,C,39.92,11.72,5.984,19.259,11.85,29.17,75.3,0.0,1.79,0.344,0
2026-09-10 20:50:00,C,39.73,12.23,6.037,20.391,11.711,29.23,72.4,0.0,1.56,0.347,0
2026-09-10 21:00:00,C,40.53,9.17,6.16,19.307,11.559,29.01,75.4,0.0,1.33,0.365,0
2026-09-10 21:10:00,C,40.51,10.67,6.17,20.518,11.711,29.54,75.6,0.0,1.81,0.345,0
2026-09-10 21:20:00,C,40.48,11.38,5.668,19.689,12.157,29.36,74.8,0.0,1.6,0.351,0
2026-09-10 21:30:00,C,40.09,9.77,6.336,20.126,11.773,29.25,76.7,0.0,1.03,0.362,0
2026-09-10 21:40:00,C,40.53,12.34,5.521,19.62,11.529,28.75,76.9,0.0,1.79,0.395,0
2026-09-10 21:50:00,C,40.59,12.46,6.015,20.181,11.661,28.91,77.6,0.0,1.54,0.388,0
2026-09-10 22:00:00,C,40.45,11.48,6.014,20.331,12.219,28.52,77.5,0.0,1.2,0.384,0
2026-09-10 22:10:00,C,40.4,11.84,6.017,19.761,11.373,28.59,78.7,0.0,1.33,0.388,0
2026-09-10 22:20:00,C,40.3,11.41,6.297,19.559,11.713,28.67,78.6,0.0,1.64,0.362,0
2026-09-10 22:30:00,C,40.64,12.77,5.934,19.656,11.702,28.5,79.8,0.0,2.15,0.397,0
2026-09-10 22:40:00,C,40.63,14.77,5.63,20.201,11.778,28.23,81.2,0.0,1.0,0.387,0
2026-09-10 22:50:00,C,40.54,14.23,6.097,20.398,11.924,28.8,77.8,0.0,1.68,0.418,0
2026-09-10 23:00:00,C,40.43,14.41,6.541,20.126,11.35,28.25,78.2,0.0,1.71,0.423,0
2026-09-10 23:10:00,C,40.65,14.96,6.196,19.533,11.666,27.88,77.0,0.0,0.92,0.429,0
2026-09-10 23:20:00,C,40.68,16.46,5.539,19.849,11.345,27.56,78.9,0.0,1.3,0.411,0
2026-09-10 23:30:00,C,40.18,15.68,6.222,20.65,11.242,28.25,76.9,0.0,1.41,0.418,0
2026-09-10 23:40:00,C,40.66,16.53,5.789,19.319,11.307,28.66,83.6,0.0,1.52,0.423,0
2026-09-10 23:50:00,C,40.44,14.54,5.456,19.755,11.515,28.07,76.5,0.0,2.46,0.412,0
2026-09-11 00:00:00,C,41.29,15.11,5.968,20.345,11.458,27.92,82.2,0.0,1.56,0.437,0
2026-09-11 00:10:00,C,41.12,16.58,6.035,20.343,11.235,28.15,80.5,0.0,2.26,0.419,0
2026-09-11 00:20:00,C,41.26,14.9,5.703,20.23,11.549,27.64,81.2,0.0,1.77,0.438,0
2026-09-11 00:30:00,C,41.11,15.12,6.109,20.427,11.712,27.15,82.3,0.0,1.55,0.471,0
2026-09-11 00:40:00,C,41.2,16.49,5.931,20.383,11.184,28.33,79.5,0.0,1.23,0.429,0
2026-09-11 00:50:00,C,40.73,17.9,5.551,20.308,11.614,28.13,79.5,0.0,1.89,0.471,0
2026-09-11 01:00:00,C,40.98,15.17,5.9,19.889,11.29,27.33,81.6,0.0,2.29,0.435,0
2026-09-11 01:10:00,C,41.24,18.5,5.991,20.64,11.413,28.3,81.4,0.0,2.39,0.469,0
2026-09-11 01:20:00,C,41.08,18.87,5.822,20.293,10.998,27.93,78.7,0.0,1.85,0.459,0
2026-09-11 01:30:00,C,41.99,18.83,5.79,20.198,11.511,28.19,81.3,0.0,1.34,0.447,0
2026-09-11 01:40:00,C,42.39,16.61,5.669,20.148,11.178,27.63,79.7,0.0,2.08,0.474,0
2026-09-11 01:50:00,C,42.26,19.66,5.701,20.583,11.235,27.74,79.8,0.0,1.45,0.482,0
2026-09-11 02:00:00,C,42.01,19.85,6.008,20.891,10.943,27.77,82.8,0.0,2.6,0.46,0
2026-09-11 02:10:00,C,42.26,19.07,5.503,20.502,11.182,28.05,79.2,0.0,2.48,0.491,0
2026-09-11 02:20:00,C,41.68,20.33,5.666,20.794,10.957,27.58,77.2,0.0,1.51,0.509,0
2026-09-11 02:30:00,C,42.36,23.53,5.996,20.728,11.101,28.19,79.2,0.0,2.45,0.515,0
2026-09-11 02:40:00,C,42.79,20.0,5.655,20.837,11.468,28.23,79.8,0.0,1.43,0.531,0
2026-09-11 02:50:00,C,43.14,21.41,5.771,20.702,10.963,28.95,79.7,0.0,2.32,0.512,0
2026-09-11 03:00:00,C,42.44,22.16,5.628,20.258,11.31,28.23,80.2,0.0,2.73,0.513,0
2026-09-11 03:10:00,C,42.7,21.49,5.394,20.631,11.039,28.19,80.8,0.0,2.24,0.519,0
2026-09-11 03:20:00,C,42.7,21.77,5.262,20.602,10.931,28.7,78.6,0.0,0.93,0.521,0
2026-09-11 03:30:00,C,43.07,24.14,5.354,19.257,10.601,28.67,79.7,0.0,2.3,0.54,0
2026-09-11 03:40:00,C,42.94,25.53,5.413,20.927,10.938,29.27,79.1,0.0,1.45,0.529,0
2026-09-11 03:50:00,C,43.82,24.29,5.561,21.538,10.597,28.24,82.0,0.0,1.29,0.561,0
2026-09-11 04:00:00,C,43.78,23.73,5.568,20.76,11.297,28.48,78.7,0.0,1.58,0.515,0
2026-09-11 04:10:00,C,43.72,23.93,5.773,21.187,10.601,28.57,75.0,0.0,1.85,0.536,0
2026-09-11 04:20:00,C,44.1,25.72,5.55,20.677,10.629,29.81,78.7,0.0,1.32,0.547,0
2026-09-11 04:30:00,C,44.1,26.56,5.751,21.261,10.737,28.93,79.5,0.0,1.58,0.555,0
2026-09-11 04:40:00,C,44.07,26.8,5.786,20.977,11.088,29.42,79.5,0.0,3.02,0.558,0
2026-09-11 04:50:00,C,44.68,26.31,5.247,21.506,11.104,29.22,75.6,0.0,1.23,0.543,0
2026-09-11 05:00:00,C,44.68,26.32,5.455,21.155,10.788,28.71,75.7,0.0,2.69,0.565,0
2026-09-11 05:10:00,C,44.56,27.06,5.694,21.321,10.626,29.99,72.2,0.0,1.27,0.577,0
2026-09-11 05:20:00,C,45.14,26.74,5.434,21.634,11.259,30.18,72.9,0.0,2.92,0.573,0
2026-09-11 05:30:00,C,45.47,28.52,5.245,22.094,10.399,29.17,76.9,0.0,1.84,0.582,0
2026-09-11 05:40:00,C,45.63,26.85,5.201,20.944,11.358,29.4,74.0,0.0,1.57,0.57,0
2026-09-11 05:50:00,C,44.83,28.03,5.213,21.691,9.976,30.12,74.9,0.0,1.57,0.584,0
2026-09-11 06:00:00,C,45.87,28.88,5.307,20.739,10.796,30.82,70.7,0.0,2.14,0.598,0
2026-09-11 06:10:00,C,46.08,29.56,5.516,20.869,10.862,30.63,71.0,0.0,1.66,0.597,0
2026-09-11 06:20:00,C,45.76,29.16,5.219,20.804,10.472,31.0,70.2,0.0,1.9,0.599,0
2026-09-11 06:30:00,C,45.6,30.87,5.224,21.623,10.406,31.45,67.8,0.0,1.32,0.617,0
2026-09-11 06:40:00,C,46.39,31.39,5.342,21.18,10.713,31.07,67.1,0.0,1.57,0.601,0
2026-09-11 06:50:00,C,46.14,31.62,5.296,21.819,10.595,31.13,66.7,0.0,1.69,0.621,0
2026-09-11 07:00:00,C,46.77,30.79,5.583,22.053,10.487,30.78,67.1,0.0,1.68,0.612,0
2026-09-11 07:10:00,C,46.87,33.0,4.862,21.778,10.412,31.44,67.5,0.0,1.83,0.649,0
2026-09-11 07:20:00,C,47.0,34.5,5.039,21.05,10.422,32.12,68.9,0.0,2.36,0.638,0
2026-09-11 07:30:00,C,46.5,32.12,4.862,22.029,10.676,30.94,63.6,0.0,0.76,0.633,0
2026-09-11 07:40:00,C,47.17,34.2,5.618,22.147,10.656,32.03,60.5,0.0,1.17,0.628,0
2026-09-11 07:50:00,C,48.03,34.03,5.052,21.916,10.004,31.21,64.0,0.0,1.78,0.663,0
2026-09-11 08:00:00,C,48.0,35.4,5.065,22.571,10.155,31.1,61.5,0.0,2.32,0.649,0
2026-09-11 08:10:00,C,47.78,34.53,4.985,21.941,10.172,31.74,63.0,0.0,2.13,0.669,0
2026-09-11 08:20:00,C,47.87,36.66,5.209,21.197,10.539,31.84,60.8,0.0,1.62,0.633,0
2026-09-11 08:30:00,C,48.34,34.94,5.021,22.236,9.965,32.57,62.6,0.0,1.55,0.666,1
2026-09-11 08:40:00,C,48.55,35.66,5.251,21.192,10.666,31.88,63.7,0.0,1.8,0.65,1
2026-09-11 08:50:00,C,48.62,37.52,4.828,21.963,10.002,32.67,60.6,0.0,2.13,0.669,1
2026-09-11 09:00:00,C,48.86,39.7,5.373,21.062,10.668,32.8,60.9,0.0,1.92,0.683,1
2026-09-11 09:10:00,C,49.68,38.68,5.475,21.663,10.411,32.87,63.2,0.0,2.28,0.674,1
2026-09-11 09:20:00,C,49.22,41.17,5.101,22.292,10.602,32.22,61.1,0.0,2.45,0.693,1
2026-09-11 09:30:00,C,49.39,36.48,4.791,21.537,10.385,32.7,61.8,0.0,1.59,0.663,1
2026-09-11 09:40:00,C,48.98,39.74,5.283,22.392,10.159,32.99,58.0,0.0,2.39,0.698,1
2026-09-11 09:50:00,C,50.22,41.97,5.418,22.684,9.871,32.68,59.2,0.0,1.23,0.695,1
2026-09-11 10:00:00,C,48.9,41.04,5.345,21.723,10.401,33.28,61.0,0.0,1.99,0.707,1
2026-09-08 10:00:00,D,38.52,5.35,6.067,17.496,12.675,33.02,56.8,0.0,1.34,0.201,0
2026-09-08 10:10:00,D,38.32,6.19,5.332,18.699,12.364,34.24,59.0,0.0,0.94,0.191,0
2026-09-08 10:20:00,D,38.61,6.71,5.44,18.228,13.003,33.42,59.1,0.0,0.93,0.221,0
2026-09-08 10:30:00,D,38.08,5.89,5.49,18.175,12.692,33.48,58.1,0.0,1.72,0.222,0
2026-09-08 10:40:00,D,38.1,4.97,6.018,18.854,13.195,33.68,54.4,0.0,1.74,0.203,0
2026-09-08 10:50:00,D,38.73,6.44,5.537,17.68,12.804,33.95,57.7,0.0,1.87,0.222,0
2026-09-08 11:00:00,D,39.2,7.04,5.665,19.134,12.235,33.7,60.1,0.0,1.22,0.229,0
2026-09-08 11:10:00,D,38.5,7.35,5.555,18.138,12.898,34.26,57.8,0.0,1.39,0.191,0
2026-09-08 11:20:00,D,38.6,4.12,5.382,18.406,12.518,34.27,53.9,0.0,1.37,0.204,0
2026-09-08 11:30:00,D,38.51,6.84,5.651,18.258,12.758,34.23,56.0,0.0,1.7,0.209,0
2026-09-08 11:40:00,D,38.66,6.56,5.532,18.466,13.009,34.26,53.8,0.0,1.61,0.201,0
2026-09-08 11:50:00,D,38.81,6.66,5.842,18.311,12.543,34.22,55.8,0.0,1.81,0.197,0
2026-09-08 12:00:00,D,38.46,6.28,5.501,17.429,12.617,33.99,52.0,0.0,2.01,0.216,0
2026-09-08 12:10:00,D,38.54,5.69,5.635,17.402,12.892,34.64,54.7,0.0,2.45,0.198,0
2026-09-08 12:20:00,D,38.64,5.64,5.823,18.068,12.554,33.46,55.7,0.0,1.14,0.192,0
2026-09-08 12:30:00,D,38.3,6.66,5.546,18.652,12.917,34.38,53.1,0.0,1.6,0.195,0
2026-09-08 12:40:00,D,38.26,6.16,5.927,18.211,12.078,34.12,56.8,0.0,1.75,0.209,0
2026-09-08 12:50:00,D,38.78,5.78,5.698,18.219,12.899,34.16,53.1,0.0,2.37,0.214,0
2026-09-08 13:00:00,D,38.29,9.12,5.946,18.951,12.536,34.16,55.3,0.0,2.32,0.188,0
2026-09-08 13:10:00,D,38.5,4.52,6.065,18.535,12.354,34.89,55.6,0.0,1.74,0.186,0
2026-09-08 13:20:00,D,38.9,6.22,5.836,18.322,12.166,34.04,55.8,0.0,1.53,0.203,0
2026-09-08 13:30:00,D,38.15,5.32,5.981,19.424,12.711,34.6,56.0,0.0,1.86,0.2,0
2026-09-08 13:40:00,D,38.63,6.01,6.033,18.533,12.468,34.26,58.7,0.0,1.55,0.182,0
2026-09-08 13:50:00,D,38.44,5.08,5.61,17.866,12.48,34.39,53.4,0.0,1.78,0.213,0
2026-09-08 14:00:00,D,38.03,9.71,5.878,18.24,13.096,33.45,54.6,0.0,1.88,0.24,0
2026-09-08 14:10:00,D,39.1,8.64,5.361,18.241,12.723,33.9,54.8,0.0,1.17,0.199,0
2026-09-08 14:20:00,D,38.85,7.12,5.895,17.818,12.957,33.92,55.0,0.0,2.17,0.218,0
2026-09-08 14:30:00,D,38.56,7.12,5.914,18.508,13.024,34.33,55.7,0.0,2.69,0.204,0
2026-09-08 14:40:00,D,38.37,6.58,5.795,17.718,12.599,33.86,55.1,0.0,1.94,0.198,0
2026-09-08 14:50:00,D,37.92,8.05,5.656,18.616,12.8,33.9,57.8,0.0,2.97,0.213,0
2026-09-08 15:00:00,D,38.42,6.83,5.424,18.227,12.635,33.62,54.9,0.0,1.65,0.194,0
2026-09-08 15:10:00,D,38.88,6.0,5.739,18.07,11.952,33.76,57.3,0.0,1.8,0.196,0
2026-09-08 15:20:00,D,38.73,4.86,5.849,18.18,13.035,33.1,57.6,0.0,1.9,0.202,0
2026-09-08 15:30:00,D,38.17,7.88,5.894,18.738,12.179,33.72,60.1,0.0,2.02,0.215,0
2026-09-08 15:40:00,D,38.66,6.07,5.572,18.025,12.444,33.98,57.8,0.0,1.86,0.192,0
2026-09-08 15:50:00,D,38.45,6.51,5.63,18.768,12.415,33.54,57.9,0.0,2.11,0.207,0
2026-09-08 16:00:00,D,37.91,6.05,5.281,18.027,12.696,32.86,57.6,0.0,1.9,0.207,0
2026-09-08 16:10:00,D,38.22,6.57,5.711,18.45,13.261,33.33,57.2,0.0,1.94,0.205,0
2026-09-08 16:20:00,D,38.59,6.57,5.828,18.258,12.35,32.51,57.4,0.0,1.84,0.194,0
2026-09-08 16:30:00,D,37.95,8.27,5.865,18.275,12.605,32.94,60.3,0.0,1.66,0.196,0
2026-09-08 16:40:00,D,37.43,5.94,5.614,17.912,12.574,32.62,60.0,0.0,1.92,0.188,0
2026-09-08 16:50:00,D,38.27,4.4,5.97,18.051,12.886,32.74,60.3,0.0,1.25,0.184,0
2026-09-08 17:00:00,D,37.99,7.8,5.85,18.011,12.576,32.89,62.8,0.0,1.91,0.185,0
2026-09-08 17:10:00,D,38.43,7.59,5.996,17.992,12.578,32.52,66.2,0.0,2.87,0.201,0
2026-09-08 17:20:00,D,37.8,6.89,5.669,17.954,12.125,32.28,66.3,0.0,0.47,0.219,0
2026-09-08 17:30:00,D,37.76,6.69,5.251,18.367,12.623,32.09,59.3,0.0,2.26,0.223,0
2026-09-08 17:40:00,D,38.02,5.9,5.898,18.741,12.612,31.96,60.6,0.0,1.92,0.187,0
2026-09-08 17:50:00,D,36.93,6.04,5.715,18.766,12.459,32.3,63.0,0.0,1.65,0.191,0
2026-09-08 18:00:00,D,37.66,6.82,5.544,19.026,12.45,31.93,65.1,0.0,1.51,0.19,0
2026-09-08 18:10:00,D,37.88,7.73,5.422,18.727,12.793,31.79,65.0,0.0,0.82,0.197,0
2026-09-08 18:20:00,D,38.33,6.31,5.918,17.894,12.62,31.67,67.0,0.0,1.75,0.2,0
2026-09-08 18:30:00,D,37.47,7.97,5.207,17.744,12.449,31.82,64.9,0.0,1.52,0.185,0
2026-09-08 18:40:00,D,37.05,5.64,5.892,17.401,12.751,31.66,66.8,0.0,2.54,0.232,0
2026-09-08 18:50:00,D,37.06,6.86,5.382,19.539,12.728,31.27,68.3,0.0,1.65,0.22,0
2026-09-08 19:00:00,D,37.31,6.99,5.265,18.105,13.004,30.71,69.1,0.0,1.18,0.216,0
2026-09-08 19:10:00,D,37.21,7.99,5.419,18.628,12.579,30.64,69.8,0.0,2.04,0.192,0
2026-09-08 19:20:00,D,37.74,5.82,5.452,18.562,12.726,30.46,71.0,0.0,3.0,0.214,0
2026-09-08 19:30:00,D,37.39,6.55,5.598,17.645,12.846,29.9,68.7,0.0,1.49,0.212,0
2026-09-08 19:40:00,D,36.53,7.26,5.705,18.179,12.446,30.2,68.1,0.0,1.16,0.203,0
2026-09-08 19:50:00,D,36.93,7.9,5.89,18.212,12.088,29.94,70.2,0.0,2.21,0.2,0
2026-09-08 20:00:00,D,36.65,7.53,5.542,18.666,12.606,29.85,74.1,0.0,2.22,0.206,0
2026-09-08 20:10:00,D,37.13,8.28,5.743,18.046,12.506,30.11,72.2,0.0,1.95,0.218,0
2026-09-08 20:20:00,D,36.83,4.98,5.969,18.984,12.597,30.61,73.1,0.0,2.84,0.173,0
2026-09-08 20:30:00,D,36.33,7.38,5.924,17.914,12.279,29.31,73.6,0.0,1.43,0.189,0
2026-09-08 20:40:00,D,36.44,4.69,5.448,18.626,12.612,30.14,72.4,0.0,2.14,0.186,0
2026-09-08 20:50:00,D,36.94,4.72,6.008,18.297,12.671,29.87,71.3,0.0,1.59,0.216,0
2026-09-08 21:00:00,D,35.97,6.82,5.728,17.908,12.297,29.52,75.6,0.0,2.16,0.191,0
2026-09-08 21:10:00,D,36.58,6.87,5.709,18.341,12.275,29.04,73.0,0.0,1.39,0.199,0
2026-09-08 21:20:00,D,36.1,4.84,5.725,17.62,12.295,29.06,73.0,0.0,2.24,0.192,0
2026-09-08 21:30:00,D,36.58,6.48,5.776,17.719,12.742,28.93,75.2,0.0,0.91,0.209,0
2026-09-08 21:40:00,D,36.39,6.22,5.742,18.549,12.516,29.24,76.7,0.0,1.78,0.221,0
2026-09-08 21:50:00,D,36.45,7.49,5.967,16.978,12.391,28.81,73.0,0.0,1.45,0.222,0
2026-09-08 22:00:00,D,36.65,6.13,5.816,18.4,12.31,28.8,78.1,0.0,1.92,0.201,0
2026-09-08 22:10:00,D,36.12,6.3,5.864,18.369,12.943,28.7,77.4,0.0,2.07,0.219,0
2026-09-08 22:20:00,D,36.42,6.99,6.109,19.371,12.273,28.56,76.3,0.0,1.74,0.213,0
2026-09-08 22:30:00,D,36.09,5.67,5.721,17.2,12.265,28.86,80.1,0.0,2.13,0.193,0
2026-09-08 22:40:00,D,35.36,8.7,5.739,18.963,12.895,29.1,77.7,0.0,2.75,0.195,0
2026-09-08 22:50:00,D,36.19,7.49,5.866,18.209,12.761,27.89,79.7,0.0,2.02,0.177,0
2026-09-08 23:00:00,D,35.89,7.64,5.409,18.526,12.614,28.15,78.9,0.0,2.37,0.213,0
2026-09-08 23:10:00,D,36.1,5.03,5.566,17.431,12.917,27.67,79.5,0.0,2.38,0.224,0
2026-09-08 23:20:00,D,36.12,7.26,5.81,18.36,12.751,28.42,81.1,0.0,1.56,0.221,0
2026-09-08 23:30:00,D,35.83,6.31,5.906,18.327,12.868,27.94,79.9,0.0,1.5,0.207,0
2026-09-08 23:40:00,D,36.05,6.41,5.696,17.833,12.835,28.02,81.6,0.0,2.08,0.183,0
2026-09-08 23:50:00,D,36.1,6.73,5.819,18.208,12.817,27.6,78.8,0.0,1.65,0.178,0
2026-09-09 00:00:00,D,35.84,6.07,5.303,17.887,12.619,27.72,80.2,0.0,2.54,0.209,0
2026-09-09 00:10:00,D,36.19,6.54,5.588,18.96,12.575,27.01,79.0,0.0,1.34,0.202,0
2026-09-09 00:20:00,D,35.81,5.83,5.79,17.865,12.168,27.62,82.3,0.0,2.82,0.181,0
2026-09-09 00:30:00,D,36.06,6.62,5.771,18.275,12.297,27.21,82.1,0.0,1.7,0.219,0
2026-09-09 00:40:00,D,35.89,7.79,5.342,18.625,12.724,27.77,84.1,0.0,2.21,0.208,0
2026-09-09 00:50:00,D,35.76,6.29,5.489,18.156,12.42,28.5,79.3,0.0,1.99,0.211,0
2026-09-09 01:00:00,D,36.23,5.96,5.3,18.022,13.019,27.9,78.9,0.0,1.23,0.204,0
2026-09-09 01:10:00,D,35.8,6.72,5.752,17.568,12.645,27.42,79.0,0.0,1.36,0.198,0
2026-09-09 01:20:00,D,35.79,6.41,5.529,18.43,12.343,28.68,82.5,0.0,1.37,0.205,0
2026-09-09 01:30:00,D,35.61,7.5,5.393,18.538,12.525,27.76,82.4,0.0,1.23,0.196,0
2026-09-09 01:40:00,D,36.11,6.83,5.271,17.799,12.569,27.8,79.4,0.0,1.12,0.204,0
2026-09-09 01:50:00,D,36.1,4.36,5.789,17.844,13.282,28.37,80.2,0.0,1.19,0.206,0
2026-09-09 02:00:00,D,35.26,4.43,5.732,18.38,12.904,27.7,80.7,0.0,1.32,0.194,0
2026-09-09 02:10:00,D,36.02,4.81,5.735,17.963,13.032,28.02,82.1,0.0,2.06,0.19,0
2026-09-09 02:20:00,D,36.02,5.31,5.586,18.076,12.491,28.3,80.9,0.0,1.58,0.224,0
2026-09-09 02:30:00,D,36.08,9.4,5.752,18.199,11.849,28.64,82.5,0.0,2.46,0.201,0
2026-09-09 02:40:00,D,36.31,4.27,5.309,18.926,12.123,27.84,81.5,0.0,2.05,0.16,0
2026-09-09 02:50:00,D,35.16,6.64,5.531,18.883,11.944,27.69,81.0,0.0,0.99,0.231,0
2026-09-09 03:00:00,D,36.11,6.76,5.691,17.836,12.511,28.37,77.5,0.0,0.45,0.204,0
2026-09-09 03:10:00,D,36.39,8.06,5.576,17.349,12.546,27.97,79.9,0.0,1.47,0.222,0
2026-09-09 03:20:00,D,35.99,4.71,5.91,18.54,12.599,28.2,76.2,0.0,1.57,0.19,0
2026-09-09 03:30:00,D,36.31,6.81,5.438,17.652,12.148,27.96,77.8,0.0,2.32,0.198,0
2026-09-09 03:40:00,D,36.38,5.32,5.657,17.853,12.703,28.75,74.1,0.0,1.35,0.221,0
2026-09-09 03:50:00,D,35.75,5.65,5.507,18.532,12.54,27.99,80.8,0.0,1.61,0.194,0
2026-09-09 04:00:00,D,35.87,4.61,5.383,18.438,12.609,28.4,74.8,0.0,2.54,0.218,0
2026-09-09 04:10:00,D,36.38,6.07,5.566,18.361,12.546,29.13,75.4,0.0,1.48,0.206,0
2026-09-09 04:20:00,D,36.45,6.42,5.096,18.164,12.785,28.19,76.3,0.0,1.56,0.198,0
2026-09-09 04:30:00,D,36.56,6.29,5.474,18.585,12.568,29.24,76.6,0.0,2.43,0.2,0
2026-09-09 04:40:00,D,36.16,7.61,5.458,18.276,12.182,28.63,76.0,0.0,1.78,0.206,0
2026-09-09 04:50:00,D,36.71,5.99,5.667,18.021,12.853,29.33,77.9,0.0,1.5,0.216,0
2026-09-09 05:00:00,D,36.28,7.16,5.56,18.507,13.13,29.45,75.6,0.0,1.84,0.192,0
2026-09-09 05:10:00,D,36.43,5.0,5.862,17.804,12.78,29.36,75.1,0.0,1.25,0.187,0
2026-09-09 05:20:00,D,37.13,5.49,5.459,18.578,12.702,30.46,72.5,0.0,2.95,0.213,0
2026-09-09 05:30:00,D,37.25,6.16,5.688,18.752,12.508,29.48,72.0,0.0,1.4,0.211,0
2026-09-09 05:40:00,D,36.75,6.76,5.565,17.711,12.816,29.23,70.7,0.0,1.59,0.174,0
2026-09-09 05:50:00,D,36.9,6.13,5.656,18.293,12.442,29.77,72.0,0.0,1.7,0.205,0
2026-09-09 06:00:00,D,36.81,5.82,5.807,18.41,12.702,30.54,71.3,0.0,2.85,0.189,0
2026-09-09 06:10:00,D,37.28,5.91,5.713,17.558,12.601,29.95,68.0,0.0,1.69,0.199,0
2026-09-09 06:20:00,D,37.18,5.12,5.745,17.679,12.578,30.46,69.3,0.0,1.81,0.184,0
2026-09-09 06:30:00,D,37.03,5.62,5.8,18.187,12.453,30.26,70.2,0.0,1.17,0.214,0
2026-09-09 06:40:00,D,36.89,6.97,5.916,18.532,12.913,30.46,68.3,0.0,1.88,0.19,0
2026-09-09 06:50:00,D,37.21,7.95,5.671,18.557,12.729,31.19,67.9,0.0,1.49,0.198,0
2026-09-09 07:00:00,D,36.63,6.95,5.486,18.29,13.249,31.43,66.3,0.0,2.33,0.224,0
2026-09-09 07:10:00,D,37.32,6.91,5.853,17.525,12.41,30.92,68.8,0.0,0.65,0.212,0
2026-09-09 07:20:00,D,37.51,6.24,6.195,17.739,12.929,31.74,65.7,0.0,1.34,0.196,0
2026-09-09 07:30:00,D,37.2,5.3,5.637,17.644,12.215,30.86,67.0,0.0,1.72,0.183,0
2026-09-09 07:40:00,D,37.63,6.47,5.659,19.312,12.86,31.46,66.7,0.0,1.74,0.208,0
2026-09-09 07:50:00,D,38.11,5.98,5.867,17.623,12.544,30.99,66.5,0.0,1.38,0.202,0
2026-09-09 08:00:00,D,37.26,6.02,5.721,18.003,12.982,31.07,65.3,0.0,2.08,0.179,0
2026-09-09 08:10:00,D,37.58,5.48,5.567,16.942,13.113,32.72,66.8,0.0,1.12,0.203,0
2026-09-09 08:20:00,D,37.96,6.68,5.716,18.267,12.695,31.53,60.8,0.0,2.13,0.203,0
2026-09-09 08:30:00,D,37.79,6.0,5.692,18.418,12.714,32.04,63.2,0.0,0.85,0.206,0
2026-09-09 08:40:00,D,37.4,7.34,5.743,18.065,12.559,32.15,64.3,0.0,1.59,0.212,0
2026-09-09 08:50:00,D,38.62,5.68,5.706,17.723,12.904,32.39,64.0,0.0,1.77,0.195,0
2026-09-09 09:00:00,D,37.71,7.15,5.247,18.85,13.1,32.31,61.2,0.0,1.46,0.235,0
2026-09-09 09:10:00,D,38.72,7.57,5.656,18.486,12.839,33.2,61.5,0.0,1.97,0.169,0
2026-09-09 09:20:00,D,38.84,6.63,5.568,18.269,12.488,33.09,58.7,0.0,2.59,0.177,0
2026-09-09 09:30:00,D,37.64,6.68,5.265,18.423,12.176,32.51,60.9,0.0,2.12,0.201,0
2026-09-09 09:40:00,D,37.59,6.97,5.918,18.876,13.015,32.86,57.6,0.0,1.83,0.172,0
2026-09-09 09:50:00,D,38.45,6.42,5.464,18.424,12.645,33.26,59.3,0.0,1.84,0.206,0
2026-09-09 10:00:00,D,38.53,6.47,5.881,17.998,12.818,33.08,58.3,0.0,1.26,0.193,0
2026-09-09 10:10:00,D,38.65,8.35,5.495,18.843,12.348,33.07,60.3,0.0,2.83,0.213,0
2026-09-09 10:20:00,D,37.83,5.12,5.548,18.625,13.111,33.71,57.8,0.0,1.92,0.239,0
2026-09-09 10:30:00,D,38.47,6.54,5.394,18.162,12.499,34.13,59.3,0.0,2.17,0.191,0
2026-09-09 10:40:00,D,38.17,6.19,5.835,19.18,12.094,33.55,55.4,0.0,1.7,0.197,0
2026-09-09 10:50:00,D,39.0,6.56,5.257,18.279,13.298,33.45,57.2,0.0,1.8,0.216,0
2026-09-09 11:00:00,D,37.98,7.4,5.755,17.29,12.621,33.47,57.1,0.0,2.61,0.18,0
2026-09-09 11:10:00,D,39.1,6.27,5.676,18.925,12.441,33.66,54.6,0.0,1.6,0.222,0
2026-09-09 11:20:00,D,39.11,5.85,5.584,18.752,12.172,33.74,56.6,0.0,1.53,0.212,0
2026-09-09 11:30:00,D,38.86,7.31,5.837,18.408,13.037,33.52,53.0,0.0,1.52,0.207,0
2026-09-09 11:40:00,D,38.74,7.58,5.356,18.233,12.834,34.45,55.2,0.0,1.39,0.19,0
2026-09-09 11:50:00,D,38.68,5.84,5.614,18.53,12.561,33.94,56.7,0.0,3.15,0.186,0
2026-09-09 12:00:00,D,38.56,5.34,5.47,17.801,12.755,33.62,54.3,0.0,1.77,0.202,0
2026-09-09 12:10:00,D,38.77,6.68,5.886,18.097,12.533,34.22,57.9,0.0,2.1,0.221,0
2026-09-09 12:20:00,D,38.42,6.51,5.416,18.064,12.686,34.34,55.4,0.0,1.56,0.21,0
2026-09-09 12:30:00,D,38.81,6.81,5.67,18.946,12.614,33.97,55.3,0.0,1.5,0.206,0
2026-09-09 12:40:00,D,38.41,8.6,5.705,18.644,13.298,34.7,57.4,0.0,1.7,0.206,0
2026-09-09 12:50:00,D,38.06,6.17,5.874,17.675,12.704,34.36,55.4,0.0,2.51,0.202,0
2026-09-09 13:00:00,D,38.68,5.12,5.788,18.317,12.434,33.87,54.3,0.0,1.81,0.195,0
2026-09-09 13:10:00,D,38.82,4.56,5.847,16.934,12.467,34.5,57.7,0.0,1.84,0.209,0
2026-09-09 13:20:00,D,38.32,6.39,5.714,18.239,11.993,34.37,55.3,0.0,1.73,0.181,0
2026-09-09 13:30:00,D,38.17,6.34,6.077,18.412,12.81,33.79,53.6,0.0,2.83,0.218,0
2026-09-09 13:40:00,D,38.96,5.86,5.735,18.41,12.765,34.77,55.3,0.0,1.41,0.226,0
2026-09-09 13:50:00,D,38.63,7.49,5.871,18.189,13.016,34.29,55.4,0.0,1.84,0.196,0
2026-09-09 14:00:00,D,38.98,8.27,5.59,18.595,12.514,33.98,54.0,0.0,2.25,0.183,0
2026-09-09 14:10:00,D,39.19,6.22,5.923,18.129,12.893,34.07,57.1,0.0,2.17,0.216,0
2026-09-09 14:20:00,D,38.68,6.27,5.29,17.379,12.74,33.61,54.8,0.0,3.33,0.2,0
2026-09-09 14:30:00,D,38.67,9.15,6.288,18.856,12.906,34.23,59.8,0.0,2.65,0.211,0
2026-09-09 14:40:00,D,38.54,6.38,5.055,18.606,12.529,33.89,55.3,0.0,1.46,0.225,0
2026-09-09 14:50:00,D,38.08,6.08,5.715,16.784,12.492,34.37,55.2,0.0,1.19,0.194,0
2026-09-09 15:00:00,D,38.66,6.51,5.723,18.333,12.999,33.61,57.1,0.0,1.99,0.197,0
2026-09-09 15:10:00,D,38.1,7.6,5.715,17.873,12.847,34.37,56.6,0.0,1.25,0.191,0
2026-09-09 15:20:00,D,38.28,5.14,5.928,18.307,12.684,34.07,58.1,0.0,1.98,0.207,0
2026-09-09 15:30:00,D,38.33,4.25,5.803,18.454,12.498,33.37,56.1,0.0,1.39,0.215,0
2026-09-09 15:40:00,D,38.28,4.69,5.643,17.741,12.346,33.11,57.4,0.0,2.65,0.207,0
2026-09-09 15:50:00,D,38.16,5.43,5.662,18.449,12.404,33.36,57.1,0.0,1.77,0.198,0
2026-09-09 16:00:00,D,38.38,7.37,5.088,18.16,12.768,33.26,57.5,0.0,1.69,0.215,0
2026-09-09 16:10:00,D,37.97,7.25,5.965,17.857,12.089,33.06,61.1,0.0,1.34,0.185,0
2026-09-09 16:20:00,D,38.5,6.35,5.038,18.376,12.499,33.19,58.1,0.0,1.91,0.197,0
2026-09-09 16:30:00,D,38.5,4.91,5.784,18.773,12.81,33.22,60.1,0.0,2.18,0.208,0
2026-09-09 16:40:00,D,38.5,5.14,5.264,18.563,12.677,33.22,61.4,0.0,1.58,0.17,0
2026-09-09 16:50:00,D,37.86,7.98,5.578,17.962,12.746,33.03,58.6,0.0,2.43,0.195,0
2026-09-09 17:00:00,D,38.34,5.57,5.699,18.928,12.879,32.45,60.7,0.0,1.64,0.18,0
2026-09-09 17:10:00,D,38.24,6.86,5.757,18.461,12.545,32.74,62.9,0.0,1.45,0.192,0
2026-09-09 17:20:00,D,37.3,5.4,5.633,18.26,12.963,32.14,62.8,0.0,1.7,0.186,0
2026-09-09 17:30:00,D,37.94,6.02,5.657,18.996,12.787,32.05,65.9,0.0,2.39,0.215,0
2026-09-09 17:40:00,D,38.37,7.63,6.019,18.07,12.835,32.35,66.3,0.0,1.5,0.207,0
2026-09-09 17:50:00,D,37.94,5.99,5.841,18.835,12.288,32.84,65.6,0.0,2.46,0.2,0
2026-09-09 18:00:00,D,37.44,6.59,5.636,18.461,12.333,32.29,62.4,0.0,1.95,0.182,0
2026-09-09 18:10:00,D,37.45,4.16,5.788,17.977,12.226,31.53,67.2,0.0,1.31,0.191,0
2026-09-09 18:20:00,D,38.05,7.1,5.52,18.203,12.86,31.21,64.1,0.0,2.16,0.211,0
2026-09-09 18:30:00,D,37.38,6.23,5.432,18.561,12.724,31.52,64.8,0.0,0.71,0.213,0
2026-09-09 18:40:00,D,37.71,9.0,5.587,19.008,12.661,31.75,69.0,0.0,2.09,0.186,0
2026-09-09 18:50:00,D,37.31,6.28,5.853,17.882,12.935,31.1,66.4,0.0,2.26,0.222,0
2026-09-09 19:00:00,D,38.04,5.93,5.951,17.502,12.546,31.11,69.3,0.0,1.97,0.172,0
2026-09-09 19:10:00,D,37.43,7.53,5.249,18.465,12.179,30.81,69.9,0.0,1.07,0.213,0
2026-09-09 19:20:00,D,37.24,7.15,5.239,17.918,12.618,30.68,69.0,0.0,1.46,0.206,0
2026-09-09 19:30:00,D,37.3,5.84,5.675,18.452,12.472,30.07,70.1,0.0,1.38,0.195,0
2026-09-09 19:40:00,D,36.79,6.48,5.713,19.124,12.455,30.16,67.6,0.0,2.28,0.197,0
2026-09-09 19:50:00,D,36.42,6.0,5.745,17.474,12.811,30.58,69.0,0.0,2.17,0.225,0
2026-09-09 20:00:00,D,36.93,7.58,5.522,18.057,12.672,29.94,71.4,0.0,0.89,0.206,0
2026-09-09 20:10:00,D,36.61,4.78,5.419,18.356,12.89,30.17,69.3,0.0,1.16,0.194,0
2026-09-09 20:20:00,D,37.08,5.71,5.339,17.801,12.198,30.07,72.6,0.0,1.51,0.179,0
2026-09-09 20:30:00,D,36.75,7.24,5.529,17.827,12.342,29.95,72.6,0.0,2.82,0.203,0
2026-09-09 20:40:00,D,36.51,7.21,5.562,18.334,12.423,28.97,73.7,0.0,2.3,0.237,0
2026-09-09 20:50:00,D,36.82,3.37,5.708,18.62,12.534,29.91,74.6,0.0,1.26,0.211,0
2026-09-09 21:00:00,D,36.37,4.25,5.266,17.628,12.788,29.35,71.4,0.0,1.09,0.195,0
2026-09-09 21:10:00,D,36.44,6.61,5.852,18.131,13.067,29.31,75.1,0.0,1.96,0.196,0
2026-09-09 21:20:00,D,36.22,7.31,5.643,18.563,13.092,29.3,74.3,0.0,1.71,0.206,0
2026-09-09 21:30:00,D,36.09,6.93,5.748,18.389,12.749,28.93,75.9,0.0,2.27,0.22,0
2026-09-09 21:40:00,D,36.87,3.58,5.881,17.62,12.526,28.45,78.5,0.0,1.78,0.22,0
2026-09-09 21:50:00,D,36.08,7.18,5.709,18.13,12.904,28.49,79.8,0.0,2.08,0.191,0
2026-09-09 22:00:00,D,36.12,6.48,5.156,17.609,12.178,28.45,77.4,0.0,2.51,0.2,0
2026-09-09 22:10:00,D,36.36,8.44,5.755,18.864,12.391,28.54,76.7,0.0,1.54,0.191,0
2026-09-09 22:20:00,D,36.1,6.63,5.33,17.837,12.68,28.77,79.0,0.0,2.22,0.183,0
2026-09-09 22:30:00,D,35.92,7.0,5.727,17.858,12.884,28.77,81.1,0.0,2.3,0.194,0
2026-09-09 22:40:00,D,36.32,7.11,5.697,18.237,12.558,28.38,77.3,0.0,2.41,0.21,0
2026-09-09 22:50:00,D,36.01,5.28,5.729,19.251,12.835,27.82,81.2,0.0,3.06,0.208,0
2026-09-09 23:00:00,D,36.57,4.87,5.229,18.433,12.691,28.46,78.7,0.0,0.97,0.202,0
2026-09-09 23:10:00,D,35.91,8.21,5.531,18.874,12.525,28.25,77.5,0.0,1.89,0.217,0
2026-09-09 23:20:00,D,35.74,6.66,5.603,17.949,12.849,27.88,81.1,0.0,2.16,0.196,0
2026-09-09 23:30:00,D,35.81,5.6,5.381,17.925,12.382,28.2,83.0,0.0,1.5,0.227,0
2026-09-09 23:40:00,D,36.18,6.03,5.76,18.248,12.85,27.21,84.1,0.0,2.06,0.214,0
2026-09-09 23:50:00,D,35.95,5.74,6.218,18.449,12.75,27.77,81.1,0.0,1.29,0.225,0
2026-09-10 00:00:00,D,36.14,6.88,5.351,17.839,13.051,27.26,78.4,0.0,1.28,0.214,0
2026-09-10 00:10:00,D,35.66,6.06,5.439,18.683,12.706,27.83,81.4,0.0,1.22,0.182,0
2026-09-10 00:20:00,D,35.48,7.45,5.57,18.076,12.186,27.58,82.4,0.0,1.28,0.224,0
2026-09-10 00:30:00,D,36.24,6.02,5.547,18.254,12.572,27.48,81.4,0.0,2.08,0.209,0
2026-09-10 00:40:00,D,36.01,4.51,5.795,18.118,12.315,28.22,78.7,0.0,0.89,0.205,0
2026-09-10 00:50:00,D,35.46,6.19,6.001,19.294,12.276,27.22,83.0,0.0,1.04,0.219,0
2026-09-10 01:00:00,D,36.51,6.85,5.799,18.547,12.83,27.95,82.2,0.0,1.51,0.181,0
2026-09-10 01:10:00,D,35.74,5.77,5.77,18.317,12.935,28.15,80.5,0.0,1.06,0.184,0
2026-09-10 01:20:00,D,35.8,4.49,5.853,18.094,12.15,27.68,80.4,0.0,2.19,0.192,0
2026-09-10 01:30:00,D,35.76,5.97,5.399,18.821,12.247,27.54,81.0,0.0,2.26,0.217,0
2026-09-10 01:40:00,D,35.83,7.71,5.728,18.185,12.519,28.04,82.1,0.0,2.39,0.203,0
2026-09-10 01:50:00,D,35.66,5.45,5.627,18.729,12.526,27.71,82.0,0.0,1.91,0.228,0
2026-09-10 02:00:00,D,36.72,8.66,5.802,18.069,12.625,27.08,81.0,0.0,2.11,0.208,0
2026-09-10 02:10:00,D,36.22,7.63,5.07,17.611,12.626,28.18,79.4,0.0,1.18,0.204,0
2026-09-10 02:20:00,D,37.29,5.03,5.318,19.153,12.667,27.57,77.9,0.0,1.41,0.212,0
2026-09-10 02:30:00,D,36.41,7.64,5.295,18.541,12.705,27.67,79.5,0.0,2.3,0.21,0
2026-09-10 02:40:00,D,35.93,5.92,5.715,18.855,12.221,28.26,81.8,0.0,1.58,0.191,0
2026-09-10 02:50:00,D,36.7,4.18,5.614,17.755,12.069,28.25,77.4,0.0,1.1,0.173,0
2026-09-10 03:00:00,D,36.19,5.95,6.028,18.59,12.554,27.86,78.8,0.0,1.73,0.197,0
2026-09-10 03:10:00,D,36.19,6.7,5.755,18.239,13.151,28.76,80.2,0.0,1.78,0.193,0
2026-09-10 03:20:00,D,36.18,6.88,5.466,18.03,12.262,28.19,78.1,0.0,2.04,0.199,0
2026-09-10 03:30:00,D,35.91,8.01,5.736,18.763,12.618,27.83,78.3,0.0,1.84,0.18,0
2026-09-10 03:40:00,D,35.68,5.54,5.448,17.779,12.341,28.66,76.5,0.0,1.86,0.227,0
2026-09-10 03:50:00,D,36.82,5.8,5.744,17.905,12.209,29.21,75.6,0.0,1.82,0.232,0
2026-09-10 04:00:00,D,36.95,5.49,5.558,19.079,12.609,28.93,79.8,0.0,2.69,0.224,0
2026-09-10 04:10:00,D,36.25,5.82,5.365,18.672,12.906,28.86,75.7,0.0,1.89,0.196,0
2026-09-10 04:20:00,D,36.39,6.61,5.823,19.4,12.548,29.12,77.1,0.0,2.01,0.167,0
2026-09-10 04:30:00,D,36.27,5.73,5.426,18.921,12.849,28.44,72.6,0.0,1.87,0.201,0
2026-09-10 04:40:00,D,36.45,5.86,5.446,17.947,12.214,29.43,73.4,0.0,2.08,0.211,0
2026-09-10 04:50:00,D,36.68,5.93,5.289,18.026,12.61,29.6,73.5,0.0,1.55,0.224,0
2026-09-10 05:00:00,D,36.41,9.71,5.629,18.293,12.417,29.72,73.6,0.0,2.06,0.207,0
2026-09-10 05:10:00,D,36.75,4.64,5.883,17.938,12.959,30.03,72.9,0.0,1.83,0.203,0
2026-09-10 05:20:00,D,36.12,3.9,5.604,18.012,12.817,30.29,73.1,0.0,3.11,0.192,0
2026-09-10 05:30:00,D,37.53,4.71,5.36,18.099,12.013,29.57,73.8,0.0,2.37,0.191,0
2026-09-10 05:40:00,D,37.0,5.87,5.511,18.711,12.701,29.65,70.4,0.0,1.58,0.199,0
2026-09-10 05:50:00,D,36.83,6.42,5.712,17.82,12.751,29.87,71.1,0.0,2.44,0.201,0
2026-09-10 06:00:00,D,36.97,5.45,5.569,18.152,12.694,30.19,72.0,0.0,1.23,0.182,0
2026-09-10 06:10:00,D,37.1,7.79,5.446,18.717,12.687,30.47,73.0,0.0,2.05,0.214,0
2026-09-10 06:20:00,D,37.17,7.59,5.33,18.818,13.015,30.58,69.8,0.0,1.69,0.195,0
2026-09-10 06:30:00,D,37.21,6.24,5.222,18.064,12.515,31.57,70.8,0.0,1.66,0.214,0
2026-09-10 06:40:00,D,36.38,6.82,5.426,18.206,13.427,30.89,66.3,0.0,2.24,0.222,0
2026-09-10 06:50:00,D,37.57,7.13,5.356,17.958,12.648,31.09,68.0,0.0,1.81,0.206,0
2026-09-10 07:00:00,D,36.98,8.44,5.239,18.825,12.575,31.32,65.3,0.0,2.53,0.203,0
2026-09-10 07:10:00,D,36.92,7.93,5.835,17.881,12.644,31.34,68.9,0.0,1.7,0.229,0
2026-09-10 07:20:00,D,37.63,4.85,5.541,18.194,12.35,31.34,69.2,0.0,1.2,0.219,0
2026-09-10 07:30:00,D,37.77,5.87,5.453,18.323,12.529,31.63,66.5,0.0,0.97,0.203,0
2026-09-10 07:40:00,D,37.76,6.79,5.421,17.366,12.796,31.54,66.5,0.0,2.06,0.224,0
2026-09-10 07:50:00,D,37.9,5.0,5.694,18.268,12.623,31.52,65.2,0.0,1.76,0.209,0
2026-09-10 08:00:00,D,37.28,6.93,5.464,17.512,12.791,31.89,62.8,0.0,2.11,0.24,0
2026-09-10 08:10:00,D,37.4,6.62,5.119,18.448,12.392,31.78,64.6,0.0,2.2,0.18,0
2026-09-10 08:20:00,D,37.85,5.4,5.737,18.095,12.558,31.8,64.2,0.0,1.54,0.209,0
2026-09-10 08:30:00,D,37.8,7.32,5.286,17.803,12.722,32.16,64.2,0.0,1.79,0.21,0
2026-09-10 08:40:00,D,37.69,7.03,5.607,18.019,12.65,32.34,60.8,0.0,1.5,0.21,0
2026-09-10 08:50:00,D,38.34,5.67,5.454,18.338,13.185,32.51,58.4,0.0,2.08,0.207,0
2026-09-10 09:00:00,D,38.06,5.81,5.684,19.108,12.879,32.41,61.7,0.0,2.47,0.212,0
2026-09-10 09:10:00,D,38.12,5.84,5.396,17.841,12.616,32.53,60.2,0.0,1.55,0.225,0
2026-09-10 09:20:00,D,37.97,8.07,5.413,19.175,12.999,32.75,59.3,0.0,2.25,0.203,0
2026-09-10 09:30:00,D,38.31,7.45,5.867,18.154,12.987,33.29,62.7,0.0,2.11,0.196,0
2026-09-10 09:40:00,D,39.01,6.3,5.822,17.998,12.856,33.76,62.0,0.0,2.25,0.197,0
2026-09-10 09:50:00,D,37.81,5.99,5.727,17.833,12.555,33.51,56.0,0.0,2.57,0.18,0
2026-09-10 10:00:00,D,37.74,4.99,5.626,18.645,12.667,33.21,58.3,0.0,1.94,0.226,0
2026-09-10 10:10:00,D,37.73,5.69,5.448,18.042,11.925,33.64,58.0,0.0,1.64,0.167,0
2026-09-10 10:20:00,D,38.45,6.44,5.699,18.149,12.602,33.45,58.4,0.0,1.69,0.177,0
2026-09-10 10:30:00,D,37.95,8.88,5.727,17.679,12.429,33.5,58.0,0.0,1.18,0.214,0
2026-09-10 10:40:00,D,38.49,4.25,5.708,18.25,12.71,33.66,58.6,0.0,2.03,0.199,0
2026-09-10 10:50:00,D,38.02,5.61,5.858,18.171,12.336,33.29,54.9,0.0,2.3,0.203,0
2026-09-10 11:00:00,D,38.35,7.12,5.156,17.843,12.156,33.91,57.4,0.0,1.52,0.21,0
2026-09-10 11:10:00,D,38.55,6.13,5.7,18.405,12.828,34.38,57.8,0.0,1.71,0.205,0
2026-09-10 11:20:00,D,39.79,5.15,5.523,18.037,13.02,33.39,54.2,0.0,2.38,0.174,0
2026-09-10 11:30:00,D,38.73,5.69,5.267,17.936,12.296,33.68,55.2,0.0,2.49,0.215,0
2026-09-10 11:40:00,D,38.81,6.89,5.514,18.905,12.458,33.96,55.3,0.0,1.74,0.221,0
2026-09-10 11:50:00,D,38.74,6.56,5.544,17.97,12.69,34.1,54.9,0.0,0.22,0.206,0
2026-09-10 12:00:00,D,38.56,7.97,5.826,18.666,13.291,34.3,55.7,0.0,2.29,0.207,0
2026-09-10 12:10:00,D,38.75,7.32,5.805,18.948,12.159,33.61,57.3,0.0,1.56,0.198,0
2026-09-10 12:20:00,D,38.61,7.84,5.799,18.965,12.058,34.23,54.1,0.0,1.65,0.186,0
2026-09-10 12:30:00,D,38.58,6.96,5.271,18.155,12.973,33.95,54.2,0.0,2.83,0.194,0
2026-09-10 12:40:00,D,38.45,5.57,5.501,17.828,13.213,33.4,56.8,0.0,1.9,0.202,0
2026-09-10 12:50:00,D,38.49,4.97,5.856,18.437,12.584,34.32,55.1,0.0,0.89,0.212,0
2026-09-10 13:00:00,D,38.14,5.57,5.971,18.629,11.789,34.68,56.2,0.0,2.08,0.211,0
2026-09-10 13:10:00,D,38.63,5.72,5.639,17.895,12.949,33.4,52.7,0.0,0.44,0.202,0
2026-09-10 13:20:00,D,38.5,7.72,5.848,18.399,12.563,34.25,55.5,0.0,2.59,0.213,0
2026-09-10 13:30:00,D,38.79,6.31,5.646,18.15,12.483,34.16,52.4,0.0,2.2,0.205,0
2026-09-10 13:40:00,D,38.5,6.35,5.405,18.224,12.907,34.1,53.4,0.0,1.38,0.197,0
2026-09-10 13:50:00,D,38.46,8.16,5.855,18.076,12.302,34.23,57.8,0.0,2.18,0.176,0
2026-09-10 14:00:00,D,39.15,7.0,5.687,18.514,12.681,34.49,56.1,0.0,2.3,0.201,0
2026-09-10 14:10:00,D,39.33,5.57,5.529,18.487,12.476,33.78,56.0,0.0,1.57,0.18,0
2026-09-10 14:20:00,D,38.38,5.62,5.997,18.807,12.338,33.52,57.2,0.0,2.52,0.209,0
2026-09-10 14:30:00,D,38.16,4.76,5.514,18.557,12.341,34.29,56.0,0.0,2.06,0.192,0
2026-09-10 14:40:00,D,38.8,5.94,5.369,18.368,12.718,34.43,56.2,0.0,1.35,0.194,0
2026-09-10 14:50:00,D,38.69,5.31,5.594,18.454,12.394,33.12,60.5,0.0,1.73,0.212,0
2026-09-10 15:00:00,D,38.51,6.99,5.314,18.45,12.675,33.83,56.6,0.0,2.11,0.22,0
2026-09-10 15:10:00,D,38.5,5.95,5.817,17.238,12.597,34.2,57.2,0.0,1.12,0.178,0
2026-09-10 15:20:00,D,38.11,6.36,5.82,18.078,12.773,34.03,58.1,0.0,0.48,0.2,0
2026-09-10 15:30:00,D,38.83,7.07,5.736,18.178,12.425,33.63,55.3,0.0,2.27,0.205,0
2026-09-10 15:40:00,D,38.4,6.55,5.508,18.9,12.725,33.85,59.4,0.0,1.77,0.196,0
2026-09-10 15:50:00,D,38.7,5.5,5.588,18.073,12.641,33.97,55.8,0.0,2.09,0.209,0
2026-09-10 16:00:00,D,38.04,7.47,5.543,18.415,12.502,33.24,59.5,0.0,2.18,0.204,0
2026-09-10 16:10:00,D,38.4,5.75,5.699,18.354,12.357,33.61,58.1,0.0,1.53,0.224,0
2026-09-10 16:20:00,D,37.69,6.24,6.109,18.38,12.803,32.63,61.3,0.19,2.33,0.213,0
2026-09-10 16:30:00,D,37.66,7.11,5.692,18.509,12.859,32.51,58.6,0.0,1.86,0.197,0
2026-09-10 16:40:00,D,38.57,6.16,5.882,18.419,12.366,32.41,61.8,0.0,2.59,0.188,0
2026-09-10 16:50:00,D,38.43,5.7,5.819,18.841,12.546,33.11,61.2,0.0,2.61,0.185,0
2026-09-10 17:00:00,D,38.18,6.73,5.425,19.041,12.742,32.89,62.2,0.0,1.81,0.197,0
2026-09-10 17:10:00,D,38.19,5.47,5.582,18.81,13.213,32.45,61.9,0.0,2.14,0.205,0
2026-09-10 17:20:00,D,37.92,6.99,5.803,17.986,12.877,32.02,62.2,0.0,1.42,0.209,0
2026-09-10 17:30:00,D,37.26,5.82,5.792,18.554,12.611,32.0,65.9,0.0,1.81,0.211,0
2026-09-10 17:40:00,D,37.4,6.26,5.695,17.226,12.075,32.39,65.8,0.0,1.19,0.231,0
2026-09-10 17:50:00,D,37.54,7.59,5.614,17.645,12.86,32.34,64.9,0.0,2.22,0.203,0
2026-09-10 18:00:00,D,38.05,7.15,5.404,18.453,12.492,31.57,68.0,0.0,1.49,0.207,0
2026-09-10 18:10:00,D,37.71,6.06,5.647,17.683,12.201,31.54,69.3,0.0,1.77,0.199,0
2026-09-10 18:20:00,D,37.67,6.61,5.826,17.993,12.319,31.45,69.9,0.0,1.73,0.205,0
2026-09-10 18:30:00,D,36.91,6.89,5.81,18.114,12.457,31.55,66.7,0.0,1.43,0.201,0
2026-09-10 18:40:00,D,37.46,5.87,5.194,18.04,12.522,31.27,68.2,0.0,1.21,0.226,0
2026-09-10 18:50:00,D,37.08,7.13,5.709,17.886,12.384,30.99,68.7,0.0,1.46,0.215,0
2026-09-10 19:00:00,D,37.32,6.95,5.787,18.958,12.802,30.35,68.9,0.0,2.67,0.182,0
2026-09-10 19:10:00,D,37.05,6.87,6.049,18.336,12.458,30.5,70.1,0.0,1.92,0.191,0
2026-09-10 19:20:00,D,37.04,6.67,5.773,18.489,12.424,30.49,66.9,0.0,1.82,0.199,0
2026-09-10 19:30:00,D,37.78,6.99,5.995,18.969,12.177,30.44,69.3,0.0,3.09,0.186,0
2026-09-10 19:40:00,D,37.21,5.88,5.999,18.55,12.632,30.67,74.3,0.0,2.21,0.196,0
2026-09-10 19:50:00,D,37.29,6.88,5.816,18.565,12.543,29.99,69.8,0.0,1.29,0.208,0
2026-09-10 20:00:00,D,37.25,5.81,5.549,17.69,12.985,30.08,70.7,0.0,1.23,0.224,0
2026-09-10 20:10:00,D,36.92,7.9,5.667,18.66,12.617,30.6,74.9,0.0,1.05,0.197,0
2026-09-10 20:20:00,D,36.27,6.28,5.441,18.185,12.748,29.71,73.5,0.0,1.83,0.193,0
2026-09-10 20:30:00,D,37.1,6.49,5.89,18.084,12.86,30.44,74.1,0.0,1.92,0.203,0
2026-09-10 20:40:00,D,36.47,4.97,5.767,18.915,12.049,29.57,72.3,0.0,1.99,0.21,0
2026-09-10 20:50:00,D,36.91,5.15,5.554,17.798,12.321,29.48,75.0,0.0,1.99,0.2,0
2026-09-10 21:00:00,D,36.71,7.9,5.989,18.154,12.6,29.49,73.8,0.0,1.5,0.23,0
2026-09-10 21:10:00,D,36.93,6.32,5.634,17.962,12.815,29.08,72.4,0.0,1.52,0.178,0
2026-09-10 21:20:00,D,36.19,8.43,5.449,18.077,12.205,28.57,76.3,0.0,2.33,0.189,0
2026-09-10 21:30:00,D,36.23,5.14,5.832,18.149,13.065,28.8,73.1,0.0,2.47,0.216,0
2026-09-10 21:40:00,D,37.08,6.18,5.731,17.914,12.029,28.76,77.7,0.0,2.36,0.219,0
2026-09-10 21:50:00,D,36.72,5.58,5.682,18.195,12.391,29.06,76.5,0.0,2.18,0.21,0
2026-09-10 22:00:00,D,36.66,5.62,5.548,18.247,12.54,28.39,78.3,0.0,1.88,0.209,0
2026-09-10 22:10:00,D,36.57,5.87,5.668,18.157,12.697,28.64,74.0,0.0,1.27,0.185,0
2026-09-10 22:20:00,D,36.2,5.21,5.696,17.869,12.863,28.77,76.7,0.0,1.9,0.21,0
2026-09-10 22:30:00,D,36.01,8.07,5.77,17.837,12.678,28.15,79.8,0.0,1.7,0.188,0
2026-09-10 22:40:00,D,36.33,5.58,5.847,18.184,12.636,28.87,80.4,0.0,2.1,0.195,0
2026-09-10 22:50:00,D,36.6,6.57,5.535,19.119,12.656,28.07,79.5,0.0,0.71,0.202,0
2026-09-10 23:00:00,D,36.05,5.45,5.914,18.201,13.083,28.28,82.6,0.0,1.61,0.181,0
2026-09-10 23:10:00,D,36.19,5.01,5.583,17.602,12.572,28.08,80.1,0.0,1.21,0.208,0
2026-09-10 23:20:00,D,36.01,7.22,5.983,17.924,12.398,27.99,75.8,0.0,2.4,0.223,0
2026-09-10 23:30:00,D,35.74,6.43,5.193,17.898,12.735,28.19,82.4,0.0,0.94,0.203,0
2026-09-10 23:40:00,D,36.52,8.27,5.902,17.827,12.882,28.73,80.8,0.0,1.96,0.171,0
2026-09-10 23:50:00,D,35.81,6.73,5.711,18.307,12.434,27.69,78.1,0.0,1.23,0.21,0
2026-09-11 00:00:00,D,35.29,6.28,5.61,18.103,12.58,27.78,80.8,0.0,1.32,0.218,0
2026-09-11 00:10:00,D,36.01,7.02,5.606,17.892,12.353,27.58,82.0,0.0,1.4,0.211,0
2026-09-11 00:20:00,D,35.77,4.66,5.599,18.886,12.199,27.74,80.6,0.0,1.63,0.221,0
2026-09-11 00:30:00,D,36.08,7.09,5.676,18.309,12.255,27.47,82.5,0.0,1.78,0.213,0
2026-09-11 00:40:00,D,35.52,5.07,5.995,18.162,12.38,28.09,78.6,0.0,1.75,0.195,0
2026-09-11 00:50:00,D,35.85,6.61,5.577,17.841,12.624,28.02,80.4,0.0,1.7,0.205,0
2026-09-11 01:00:00,D,35.47,6.41,5.204,18.134,12.788,28.22,79.7,0.0,0.95,0.199,0
2026-09-11 01:10:00,D,35.67,6.47,5.806,19.023,12.631,27.58,81.3,0.0,2.12,0.197,0
2026-09-11 01:20:00,D,36.12,6.59,5.751,18.182,13.002,27.88,81.7,0.0,2.38,0.222,0
2026-09-11 01:30:00,D,36.21,7.15,5.511,18.894,12.373,27.23,79.3,0.0,1.49,0.198,0
2026-09-11 01:40:00,D,35.86,5.93,5.453,18.82,12.173,27.89,79.9,0.0,2.31,0.206,0
2026-09-11 01:50:00,D,35.56,8.0,5.833,18.626,12.81,27.75,82.7,0.0,1.69,0.208,0
2026-09-11 02:00:00,D,36.45,6.93,5.766,18.439,12.171,28.35,76.7,0.0,2.64,0.219,0
2026-09-11 02:10:00,D,35.95,6.56,5.402,18.147,12.731,27.87,78.9,0.0,2.68,0.204,0
2026-09-11 02:20:00,D,35.94,5.06,5.468,18.323,13.051,27.35,77.7,0.0,2.38,0.221,0
2026-09-11 02:30:00,D,36.05,5.84,5.139,18.919,12.963,28.12,83.0,0.0,2.36,0.198,0
2026-09-11 02:40:00,D,36.33,5.78,5.678,18.112,12.584,28.3,81.6,0.0,1.45,0.191,0
2026-09-11 02:50:00,D,36.25,6.25,5.689,18.07,12.562,27.8,84.1,0.0,2.73,0.198,0
2026-09-11 03:00:00,D,35.59,6.7,5.451,17.916,12.631,28.23,77.7,0.0,1.47,0.214,0
2026-09-11 03:10:00,D,36.02,9.07,5.68,18.61,12.425,28.02,77.6,0.0,1.34,0.207,0
2026-09-11 03:20:00,D,36.42,7.34,6.172,17.552,13.059,27.7,77.2,0.0,1.92,0.227,0
2026-09-11 03:30:00,D,36.72,7.09,5.511,18.156,12.563,28.52,80.5,0.0,1.57,0.2,0
2026-09-11 03:40:00,D,36.07,5.98,5.726,18.008,12.431,28.2,79.2,0.0,1.33,0.205,0
2026-09-11 03:50:00,D,36.67,5.1,5.71,18.095,12.817,28.53,78.2,0.0,2.17,0.206,0
2026-09-11 04:00:00,D,36.09,6.59,5.921,19.294,12.552,28.74,78.8,0.0,1.82,0.189,0
2026-09-11 04:10:00,D,36.33,5.94,5.286,19.623,12.584,28.97,80.6,0.0,1.49,0.2,0
2026-09-11 04:20:00,D,37.08,5.27,5.71,18.088,12.756,29.08,78.9,0.0,1.67,0.207,0
2026-09-11 04:30:00,D,36.52,8.78,5.861,18.063,12.693,29.29,75.8,0.0,1.83,0.217,0
2026-09-11 04:40:00,D,36.61,6.94,5.316,17.81,12.668,29.61,74.1,0.0,1.9,0.186,0
2026-09-11 04:50:00,D,36.27,5.08,5.316,18.789,12.753,29.75,75.1,0.0,1.46,0.199,0
2026-09-11 05:00:00,D,36.68,6.93,5.502,19.479,12.661,28.95,74.1,0.0,2.46,0.222,0
2026-09-11 05:10:00,D,36.89,6.79,5.601,18.225,12.917,30.11,75.6,0.0,1.35,0.193,0
2026-09-11 05:20:00,D,36.32,5.53,5.524,17.153,12.977,30.03,76.1,0.0,2.53,0.206,0
2026-09-11 05:30:00,D,36.81,5.13,5.955,18.812,12.99,29.38,74.8,0.0,1.16,0.239,0
2026-09-11 05:40:00,D,36.14,6.99,5.494,17.545,12.233,30.55,72.4,0.0,1.35,0.213,0
2026-09-11 05:50:00,D,36.34,6.95,5.859,17.948,12.466,30.22,71.0,0.0,1.27,0.202,0
2026-09-11 06:00:00,D,36.77,6.49,5.704,18.446,12.466,30.26,71.5,0.0,3.1,0.234,0
2026-09-11 06:10:00,D,37.11,7.23,5.474,17.71,12.855,30.7,71.6,0.0,2.19,0.205,0
2026-09-11 06:20:00,D,37.08,7.65,5.712,17.873,12.986,31.14,71.4,0.0,1.97,0.206,0
2026-09-11 06:30:00,D,37.0,8.04,5.801,19.488,12.683,30.79,70.7,0.0,1.74,0.213,0
2026-09-11 06:40:00,D,37.23,4.01,5.271,18.601,13.05,30.65,71.3,0.0,2.32,0.207,0
2026-09-11 06:50:00,D,37.31,6.13,5.409,18.017,13.079,30.98,69.0,0.0,1.54,0.193,0
2026-09-11 07:00:00,D,37.67,6.66,5.921,17.79,12.643,31.02,67.3,0.0,1.18,0.207,0
2026-09-11 07:10:00,D,37.37,7.5,4.981,17.982,12.904,31.58,65.3,0.0,1.64,0.212,0
2026-09-11 07:20:00,D,37.61,6.38,5.594,18.653,12.401,32.15,66.5,0.0,2.54,0.19,0
2026-09-11 07:30:00,D,37.36,5.72,5.376,18.048,12.788,31.13,66.7,0.0,2.22,0.187,0
2026-09-11 07:40:00,D,37.05,6.5,5.873,18.176,12.622,31.51,66.6,0.0,2.18,0.185,0
2026-09-11 07:50:00,D,38.14,5.97,5.556,18.253,12.012,31.92,67.8,0.0,1.68,0.209,0
2026-09-11 08:00:00,D,37.29,6.81,5.369,18.279,12.51,31.54,65.0,0.0,2.11,0.204,0
2026-09-11 08:10:00,D,37.72,6.12,5.47,18.323,12.783,30.78,68.4,0.0,1.67,0.223,0
2026-09-11 08:20:00,D,38.04,4.9,5.586,18.401,12.695,32.5,65.5,0.0,1.97,0.195,0
2026-09-11 08:30:00,D,37.7,8.97,5.376,18.348,12.466,32.01,62.6,0.0,1.26,0.2,0
2026-09-11 08:40:00,D,37.6,5.53,5.567,18.973,12.167,32.23,63.4,0.0,2.08,0.183,0
2026-09-11 08:50:00,D,37.44,7.23,5.347,18.427,13.03,32.68,65.2,0.0,2.55,0.156,0
2026-09-11 09:00:00,D,37.56,6.27,5.564,17.781,12.435,31.98,62.0,0.0,1.39,0.19,0
2026-09-11 09:10:00,D,38.61,4.55,5.855,18.386,12.785,32.62,60.0,0.0,1.62,0.214,0
2026-09-11 09:20:00,D,38.0,7.2,5.224,18.234,12.335,32.93,63.5,0.0,1.84,0.182,0
2026-09-11 09:30:00,D,38.34,6.54,5.586,18.631,12.499,33.12,57.4,0.0,2.23,0.194,0
2026-09-11 09:40:00,D,38.06,6.07,5.383,17.307,12.811,33.14,57.4,0.0,2.08,0.199,0
2026-09-11 09:50:00,D,37.59,7.27,5.267,17.753,12.894,33.55,59.9,0.0,1.94,0.227,0
2026-09-11 10:00:00,D,37.94,7.46,5.424,17.87,12.113,33.5,58.7,0.0,1.52,0.195,0
2026-09-08 10:00:00,E,39.2,7.0,5.728,18.777,11.784,33.48,57.8,0.0,0.97,0.229,0
2026-09-08 10:10:00,E,40.36,8.9,6.062,18.973,12.263,32.59,58.8,0.0,1.77,0.223,0
2026-09-08 10:20:00,E,39.52,6.08,5.677,18.085,12.403,33.73,57.1,0.0,2.54,0.209,0
2026-09-08 10:30:00,E,40.23,9.1,6.204,19.023,12.34,33.06,55.7,0.0,2.31,0.234,0
2026-09-08 10:40:00,E,39.54,6.59,5.955,18.54,12.583,33.77,59.9,0.0,1.35,0.217,0
2026-09-08 10:50:00,E,39.13,5.52,6.157,19.091,12.272,33.93,57.7,0.0,2.6,0.207,0
2026-09-08 11:00:00,E,39.83,8.12,5.762,17.872,12.362,34.69,55.7,0.0,1.06,0.198,0
2026-09-08 11:10:00,E,39.07,7.87,5.985,18.96,12.61,34.17,56.2,0.0,2.98,0.233,0
2026-09-08 11:20:00,E,39.54,8.42,5.947,17.844,12.788,33.78,59.1,0.0,1.77,0.242,0
2026-09-08 11:30:00,E,39.6,7.89,6.152,18.67,12.49,34.01,56.4,0.0,1.92,0.245,0
2026-09-08 11:40:00,E,39.23,4.71,5.953,18.23,12.437,33.59,56.2,0.0,2.03,0.246,0
2026-09-08 11:50:00,E,40.37,6.39,5.866,19.204,12.133,34.53,57.4,0.0,0.99,0.273,0
2026-09-08 12:00:00,E,39.94,8.56,5.968,18.239,12.351,33.88,55.8,0.0,2.31,0.234,0
2026-09-08 12:10:00,E,39.62,6.45,5.561,19.014,12.157,33.89,56.1,0.0,1.31,0.241,0
2026-09-08 12:20:00,E,40.62,7.36,5.792,18.134,12.162,34.23,54.1,0.0,1.36,0.249,0
2026-09-08 12:30:00,E,40.2,6.79,5.562,19.058,12.627,34.27,56.1,0.0,1.45,0.267,0
2026-09-08 12:40:00,E,39.81,7.44,5.745,18.132,12.186,34.28,53.2,0.0,0.72,0.244,0
2026-09-08 12:50:00,E,40.28,8.41,5.635,19.632,12.04,34.4,53.3,0.0,2.03,0.236,0
2026-09-08 13:00:00,E,40.04,7.85,5.732,18.923,12.773,34.14,54.1,0.0,1.28,0.229,0
2026-09-08 13:10:00,E,39.59,5.9,5.771,18.661,12.586,34.71,57.9,0.0,1.85,0.227,0
2026-09-08 13:20:00,E,39.63,7.43,6.244,17.981,12.44,34.45,58.5,0.0,2.16,0.221,0
2026-09-08 13:30:00,E,39.95,6.71,5.991,19.197,12.332,33.86,53.8,0.0,2.59,0.215,0
2026-09-08 13:40:00,E,39.85,10.34,6.44,18.035,12.986,33.89,54.7,0.0,1.74,0.218,0
2026-09-08 13:50:00,E,40.25,7.0,6.08,18.896,12.691,34.17,55.2,0.0,2.25,0.223,0
2026-09-08 14:00:00,E,40.02,6.41,5.848,19.002,12.359,34.85,55.4,0.0,1.79,0.227,0
2026-09-08 14:10:00,E,39.59,5.39,5.837,18.775,12.265,34.36,53.9,0.0,2.37,0.23,0
2026-09-08 14:20:00,E,39.89,6.47,5.999,19.38,12.513,33.95,55.9,0.0,1.69,0.24,0
2026-09-08 14:30:00,E,39.79,7.74,5.741,19.935,12.117,34.34,55.0,0.0,1.44,0.225,0
2026-09-08 14:40:00,E,39.89,6.83,5.757,18.435,12.254,34.17,54.9,0.0,1.48,0.235,0
2026-09-08 14:50:00,E,40.0,9.01,5.866,18.325,12.107,34.09,59.0,0.0,1.42,0.225,0
2026-09-08 15:00:00,E,39.98,9.7,6.035,18.659,12.337,33.76,53.6,0.0,1.55,0.239,0
2026-09-08 15:10:00,E,39.8,7.83,6.088,18.686,12.267,33.6,51.3,0.0,1.87,0.264,0
2026-09-08 15:20:00,E,39.39,6.0,5.862,17.649,12.615,33.4,60.6,0.0,1.71,0.247,0
2026-09-08 15:30:00,E,39.78,6.93,5.996,18.985,12.255,33.99,58.1,0.0,2.03,0.209,0
2026-09-08 15:40:00,E,39.48,8.17,5.972,18.945,12.375,33.73,58.8,0.0,2.04,0.25,0
2026-09-08 15:50:00,E,39.61,5.9,6.22,18.645,12.74,34.02,56.6,0.0,2.07,0.202,0
2026-09-08 16:00:00,E,39.78,9.24,5.646,18.768,12.045,32.84,58.9,0.0,1.94,0.225,0
2026-09-08 16:10:00,E,39.63,5.65,5.71,18.589,12.082,33.2,59.6,0.0,2.3,0.25,0
2026-09-08 16:20:00,E,39.5,5.96,6.17,19.026,12.052,33.02,59.1,0.0,1.77,0.222,0
2026-09-08 16:30:00,E,39.77,6.47,5.898,18.51,11.916,32.83,58.9,0.0,1.91,0.212,0
2026-09-08 16:40:00,E,39.3,7.63,5.734,18.087,12.507,32.92,60.4,0.0,1.39,0.211,0
2026-09-08 16:50:00,E,39.73,8.3,5.854,19.361,12.263,32.36,59.3,0.0,2.34,0.234,0
2026-09-08 17:00:00,E,39.16,7.66,5.817,18.093,12.408,32.49,60.8,0.0,2.18,0.222,0
2026-09-08 17:10:00,E,39.4,6.74,6.002,18.303,12.437,32.48,61.0,0.0,1.08,0.237,0
2026-09-08 17:20:00,E,38.73,6.92,5.971,18.561,11.772,31.63,62.7,0.0,2.02,0.228,0
2026-09-08 17:30:00,E,38.46,7.62,5.905,18.858,12.414,31.63,64.2,0.0,1.87,0.22,0
2026-09-08 17:40:00,E,38.75,6.6,6.278,19.255,11.751,32.02,61.1,0.0,1.33,0.217,0
2026-09-08 17:50:00,E,38.97,8.5,6.164,20.0,12.653,31.77,65.5,0.0,1.58,0.231,0
2026-09-08 18:00:00,E,38.62,7.46,5.818,19.133,12.355,31.83,63.4,0.0,1.68,0.237,0
2026-09-08 18:10:00,E,38.47,6.35,6.147,19.349,12.019,31.35,68.2,0.0,1.35,0.251,0
2026-09-08 18:20:00,E,38.89,6.91,5.979,18.187,11.999,31.79,67.4,0.0,2.03,0.233,0
2026-09-08 18:30:00,E,38.63,10.2,5.65,19.439,12.334,31.45,67.7,0.0,1.72,0.23,0
2026-09-08 18:40:00,E,39.02,6.98,5.922,18.806,12.463,31.19,63.1,0.41,1.29,0.217,0
2026-09-08 18:50:00,E,38.57,7.43,5.739,17.883,12.155,31.66,70.0,0.0,1.74,0.233,0
2026-09-08 19:00:00,E,39.04,6.2,5.912,19.049,12.342,31.11,69.6,0.0,1.84,0.224,0
2026-09-08 19:10:00,E,38.43,8.36,5.679,19.215,12.892,30.68,70.3,0.0,1.88,0.222,0
2026-09-08 19:20:00,E,37.88,6.89,5.923,18.797,12.52,30.98,67.1,0.0,1.73,0.219,0
2026-09-08 19:30:00,E,38.75,7.66,5.944,19.158,12.473,30.99,70.6,0.0,1.71,0.207,0
2026-09-08 19:40:00,E,38.7,6.93,6.074,18.684,12.512,30.38,68.8,0.0,1.72,0.231,0
2026-09-08 19:50:00,E,38.19,7.84,6.078,19.285,12.254,30.08,71.1,0.0,1.72,0.221,0
2026-09-08 20:00:00,E,37.94,10.28,5.462,18.59,12.276,29.97,69.8,0.0,1.47,0.231,0
2026-09-08 20:10:00,E,37.72,6.99,6.068,19.011,13.155,29.32,69.3,0.0,1.78,0.223,0
2026-09-08 20:20:00,E,38.54,8.51,5.649,19.09,12.11,30.47,71.0,0.0,2.53,0.236,0
2026-09-08 20:30:00,E,38.48,8.34,6.054,18.472,12.462,29.6,74.8,0.0,1.43,0.238,0
2026-09-08 20:40:00,E,37.83,7.07,5.853,19.486,12.146,29.93,72.7,0.0,1.8,0.217,0
2026-09-08 20:50:00,E,38.1,7.43,5.876,18.555,12.756,29.16,72.4,0.0,1.99,0.222,0
2026-09-08 21:00:00,E,38.02,7.46,5.908,18.137,12.031,29.12,73.4,0.0,1.3,0.232,0
2026-09-08 21:10:00,E,38.09,7.4,5.86,19.949,12.882,29.39,76.8,0.0,1.97,0.205,0
2026-09-08 21:20:00,E,36.93,7.14,5.77,18.338,13.047,29.37,76.5,0.0,1.56,0.261,0
2026-09-08 21:30:00,E,37.53,6.62,5.83,18.695,12.964,28.83,76.7,0.0,1.82,0.218,0
2026-09-08 21:40:00,E,37.87,6.69,5.593,18.978,12.173,28.78,77.4,0.0,2.09,0.231,0
2026-09-08 21:50:00,E,37.71,6.6,5.534,18.555,12.526,29.21,75.6,0.0,1.99,0.254,0
2026-09-08 22:00:00,E,38.08,5.66,5.802,18.739,12.746,29.41,77.1,0.0,1.68,0.235,0
2026-09-08 22:10:00,E,37.25,8.48,5.954,18.646,12.631,28.88,76.2,0.0,2.62,0.231,0
2026-09-08 22:20:00,E,37.08,6.95,6.273,18.846,12.447,28.34,82.0,0.0,1.45,0.225,0
2026-09-08 22:30:00,E,37.07,7.36,5.922,18.486,12.39,29.07,77.7,0.0,1.48,0.24,0
2026-09-08 22:40:00,E,37.61,8.09,5.83,19.158,11.947,28.27,76.7,0.0,1.0,0.231,0
2026-09-08 22:50:00,E,37.11,7.63,5.558,18.75,12.279,27.94,76.8,0.0,1.6,0.234,0
2026-09-08 23:00:00,E,37.4,6.52,6.185,18.145,11.842,28.18,78.7,0.0,2.33,0.227,0
2026-09-08 23:10:00,E,37.65,6.77,5.992,18.939,12.055,28.21,80.4,0.0,1.89,0.22,0
2026-09-08 23:20:00,E,37.32,8.3,6.081,18.991,12.238,27.43,79.2,0.0,2.15,0.234,0
2026-09-08 23:30:00,E,37.47,7.26,6.132,18.802,12.618,27.88,75.4,0.0,1.48,0.247,0
2026-09-08 23:40:00,E,37.57,9.52,6.349,19.876,12.579,27.82,79.7,0.0,1.8,0.239,0
2026-09-08 23:50:00,E,36.85,6.92,6.285,18.401,11.862,27.66,81.8,0.0,1.25,0.229,0
2026-09-09 00:00:00,E,37.63,7.34,5.743,19.196,12.573,27.8,80.5,0.0,1.71,0.243,0
2026-09-09 00:10:00,E,36.64,9.24,5.799,18.096,11.851,27.96,83.2,0.0,1.82,0.206,0
2026-09-09 00:20:00,E,37.47,6.97,6.088,18.918,12.031,27.56,79.2,0.0,1.89,0.235,0
2026-09-09 00:30:00,E,36.49,4.4,5.456,19.219,12.614,27.3,82.7,0.0,2.06,0.232,0
2026-09-09 00:40:00,E,37.36,7.7,5.712,18.229,12.426,27.6,85.4,0.0,1.11,0.218,0
2026-09-09 00:50:00,E,37.31,7.06,5.958,17.911,12.037,27.35,82.8,0.0,1.93,0.247,0
2026-09-09 01:00:00,E,37.23,9.92,5.612,18.336,12.377,28.22,81.4,0.0,2.34,0.227,0
2026-09-09 01:10:00,E,37.51,8.66,5.86,18.622,11.693,28.04,80.4,0.0,1.68,0.21,0
2026-09-09 01:20:00,E,37.39,7.89,6.06,18.051,12.52,28.04,84.0,0.0,1.64,0.212,0
2026-09-09 01:30:00,E,36.93,7.88,5.875,18.502,12.16,27.92,81.7,0.0,1.74,0.25,0
2026-09-09 01:40:00,E,37.13,8.09,5.786,18.214,11.614,27.76,81.4,0.0,0.93,0.239,0
2026-09-09 01:50:00,E,36.49,6.96,5.966,18.581,12.197,27.38,81.2,0.0,1.85,0.242,0
2026-09-09 02:00:00,E,36.78,7.84,6.019,19.016,12.259,27.6,81.7,0.0,1.27,0.248,0
2026-09-09 02:10:00,E,36.99,8.78,6.332,18.281,12.798,27.6,76.1,0.0,1.36,0.227,0
2026-09-09 02:20:00,E,37.23,6.5,5.985,17.909,12.138,28.05,81.4,0.0,2.37,0.222,0
2026-09-09 02:30:00,E,36.73,7.39,5.735,18.245,12.894,28.37,81.5,0.0,1.6,0.233,0
2026-09-09 02:40:00,E,36.98,5.8,5.777,19.077,12.401,28.14,76.5,0.0,1.47,0.208,0
2026-09-09 02:50:00,E,36.92,7.92,5.726,18.574,12.731,28.81,79.2,0.0,2.21,0.248,0
2026-09-09 03:00:00,E,37.85,9.05,6.016,19.162,12.157,27.92,79.6,0.0,2.03,0.218,0
2026-09-09 03:10:00,E,37.18,8.08,5.919,19.124,12.582,28.22,79.7,0.0,2.06,0.236,0
2026-09-09 03:20:00,E,37.26,7.64,6.093,18.544,12.425,28.42,79.2,0.0,1.5,0.231,0
2026-09-09 03:30:00,E,37.05,5.07,6.015,18.206,11.95,28.67,77.1,0.0,2.05,0.241,0
2026-09-09 03:40:00,E,37.61,7.9,5.927,18.72,12.141,28.61,77.4,0.0,2.72,0.252,0
2026-09-09 03:50:00,E,37.06,5.69,5.865,19.027,12.451,28.74,74.4,0.0,1.92,0.243,0
2026-09-09 04:00:00,E,37.77,5.58,5.955,18.745,11.869,28.5,75.9,0.0,0.94,0.22,0
2026-09-09 04:10:00,E,37.55,6.26,5.55,18.81,11.801,28.94,78.3,0.0,1.51,0.244,0
2026-09-09 04:20:00,E,36.93,7.24,5.705,19.482,12.885,29.17,74.7,0.0,2.4,0.21,0
2026-09-09 04:30:00,E,37.16,8.06,5.758,18.132,11.916,29.03,74.3,0.0,1.88,0.226,0
2026-09-09 04:40:00,E,38.01,8.35,5.803,19.236,12.069,29.02,77.3,0.0,1.62,0.197,0
2026-09-09 04:50:00,E,38.19,8.56,5.695,19.345,12.463,29.32,74.4,0.0,1.8,0.231,0
2026-09-09 05:00:00,E,38.03,8.18,5.644,17.979,12.698,29.62,75.7,0.0,2.07,0.23,0
2026-09-09 05:10:00,E,37.73,5.79,5.876,18.363,12.704,29.73,74.2,0.0,1.81,0.26,0
2026-09-09 05:20:00,E,38.18,6.59,5.802,19.378,12.642,29.34,74.1,0.0,2.35,0.226,0
2026-09-09 05:30:00,E,37.75,9.65,6.058,18.67,11.856,29.33,72.8,0.0,2.08,0.237,0
2026-09-09 05:40:00,E,37.76,8.21,5.955,18.479,12.533,29.4,69.7,0.0,2.54,0.218,0
2026-09-09 05:50:00,E,38.59,6.72,5.993,18.932,12.308,29.99,72.8,0.0,2.17,0.204,0
2026-09-09 06:00:00,E,37.23,7.5,6.06,19.186,12.177,30.08,70.8,0.0,1.97,0.212,0
2026-09-09 06:10:00,E,38.12,8.81,5.898,18.748,12.401,30.23,69.2,0.0,1.64,0.231,0
2026-09-09 06:20:00,E,37.76,5.79,5.693,19.173,12.643,30.2,68.8,0.0,1.69,0.242,0
2026-09-09 06:30:00,E,38.59,6.98,5.642,18.395,12.226,30.96,67.0,0.0,2.59,0.241,0
2026-09-09 06:40:00,E,38.37,7.19,5.914,18.776,12.459,31.14,66.4,0.0,1.89,0.244,0
2026-09-09 06:50:00,E,38.65,6.79,5.425,19.05,12.301,30.84,67.3,0.0,2.23,0.238,0
2026-09-09 07:00:00,E,38.99,7.07,5.92,19.254,12.849,31.63,65.6,0.0,1.53,0.251,0
2026-09-09 07:10:00,E,39.05,5.57,6.026,19.725,12.361,30.74,65.7,0.0,1.91,0.232,0
2026-09-09 07:20:00,E,38.84,8.2,5.467,18.702,12.213,31.35,67.8,0.0,2.46,0.217,0
2026-09-09 07:30:00,E,38.7,7.43,6.1,18.902,12.04,31.2,64.6,0.0,1.95,0.243,0
2026-09-09 07:40:00,E,38.68,5.91,6.317,18.694,12.29,31.98,67.0,0.0,1.61,0.23,0
2026-09-09 07:50:00,E,38.39,6.53,6.178,18.005,12.297,32.15,64.8,0.0,2.25,0.241,0
2026-09-09 08:00:00,E,38.98,7.54,6.433,18.867,11.382,31.61,64.1,0.0,1.69,0.228,0
2026-09-09 08:10:00,E,38.89,7.72,5.948,19.151,12.387,32.3,63.3,0.0,1.88,0.235,0
2026-09-09 08:20:00,E,38.97,7.0,5.626,18.422,12.432,31.72,63.7,0.0,1.58,0.212,0
2026-09-09 08:30:00,E,38.95,7.08,5.875,18.663,12.158,31.92,62.7,0.0,1.77,0.223,0
2026-09-09 08:40:00,E,39.12,7.94,5.766,19.311,12.487,31.99,58.6,0.0,1.68,0.243,0
2026-09-09 08:50:00,E,39.26,9.49,5.735,18.364,13.05,32.96,65.0,0.0,3.72,0.233,0
2026-09-09 09:00:00,E,38.57,8.23,6.332,18.839,12.404,32.24,58.6,0.0,1.15,0.224,0
2026-09-09 09:10:00,E,39.38,6.66,6.072,18.161,12.436,32.69,60.6,0.0,2.64,0.246,0
2026-09-09 09:20:00,E,39.94,9.14,5.474,18.424,12.402,32.26,58.9,0.0,1.6,0.209,0
2026-09-09 09:30:00,E,39.67,7.19,5.861,18.329,12.272,32.94,59.0,0.0,1.48,0.256,0
2026-09-09 09:40:00,E,38.99,7.23,6.103,18.468,12.626,32.66,59.9,0.0,1.49,0.251,0
2026-09-09 09:50:00,E,39.27,7.27,6.197,18.488,12.026,32.99,59.4,0.0,2.11,0.23,0
2026-09-09 10:00:00,E,38.84,9.41,5.799,19.039,12.785,33.44,58.4,0.0,1.84,0.218,0
2026-09-09 10:10:00,E,40.1,8.07,5.711,19.053,12.032,33.3,58.3,0.0,1.42,0.236,0
2026-09-09 10:20:00,E,40.16,6.85,5.676,19.89,12.191,33.42,55.6,0.0,1.35,0.23,0
2026-09-09 10:30:00,E,40.02,8.2,5.619,18.599,12.032,33.78,57.6,0.0,3.01,0.255,0
2026-09-09 10:40:00,E,39.67,8.04,6.268,18.152,12.411,33.85,60.9,0.0,1.05,0.242,0
2026-09-09 10:50:00,E,39.72,8.0,5.905,19.222,12.049,33.57,55.7,0.0,1.88,0.234,0
2026-09-09 11:00:00,E,39.56,6.66,5.562,18.833,12.582,33.89,57.2,0.0,1.68,0.215,0
2026-09-09 11:10:00,E,39.63,8.68,6.056,17.695,12.237,33.82,56.0,0.0,1.87,0.245,0
2026-09-09 11:20:00,E,39.32,8.16,5.965,17.758,12.648,33.85,53.7,0.0,2.05,0.26,0
2026-09-09 11:30:00,E,40.36,7.08,5.912,18.811,12.381,34.77,55.4,0.0,2.28,0.254,0
2026-09-09 11:40:00,E,40.0,7.52,6.03,18.758,12.605,33.93,54.5,0.0,2.11,0.228,0
2026-09-09 11:50:00,E,39.87,7.44,6.089,18.468,12.127,35.14,53.1,0.0,2.18,0.226,0
2026-09-09 12:00:00,E,39.81,6.12,5.956,18.438,12.064,34.1,53.6,0.0,1.63,0.207,0
2026-09-09 12:10:00,E,39.69,8.26,5.992,18.253,11.835,34.46,55.1,0.0,1.94,0.217,0
2026-09-09 12:20:00,E,39.99,8.25,5.647,19.398,12.946,34.11,56.4,0.0,2.14,0.268,0
2026-09-09 12:30:00,E,40.11,7.53,5.811,18.466,12.591,33.57,56.4,0.0,1.72,0.234,0
2026-09-09 12:40:00,E,40.15,8.16,5.994,18.914,13.199,34.33,55.3,0.0,1.21,0.243,0
2026-09-09 12:50:00,E,39.93,7.97,6.094,19.103,12.148,34.42,57.4,0.0,1.95,0.255,0
2026-09-09 13:00:00,E,39.67,6.17,5.832,18.379,13.094,34.29,55.1,0.0,1.47,0.233,0
2026-09-09 13:10:00,E,39.91,8.24,5.973,18.74,12.839,33.96,54.4,0.0,2.22,0.246,0
2026-09-09 13:20:00,E,39.4,8.76,6.28,19.106,12.215,34.25,56.9,0.0,1.48,0.23,0
2026-09-09 13:30:00,E,39.82,6.85,5.971,18.836,12.174,34.18,56.5,0.0,1.5,0.225,0
2026-09-09 13:40:00,E,40.03,9.43,6.049,19.208,12.23,34.33,55.1,0.0,2.03,0.231,0
2026-09-09 13:50:00,E,39.74,6.83,5.722,17.517,12.418,34.37,52.7,0.0,1.16,0.241,0
2026-09-09 14:00:00,E,39.73,6.03,5.955,18.511,12.283,34.44,56.6,0.0,2.56,0.225,0
2026-09-09 14:10:00,E,39.55,7.44,5.683,18.376,11.645,33.81,57.1,0.0,1.0,0.234,0
2026-09-09 14:20:00,E,39.9,8.23,5.987,18.904,12.634,34.55,57.4,0.0,1.6,0.255,0
2026-09-09 14:30:00,E,40.33,6.8,5.611,18.476,12.332,34.14,59.8,0.0,2.57,0.219,0
2026-09-09 14:40:00,E,39.73,6.3,5.677,19.56,11.94,34.41,55.5,0.0,1.1,0.222,0
2026-09-09 14:50:00,E,39.27,6.35,6.114,18.672,12.937,33.31,57.3,0.0,1.57,0.231,0
2026-09-09 15:00:00,E,40.05,10.32,6.099,18.665,12.383,33.47,56.8,0.0,1.16,0.246,0
2026-09-09 15:10:00,E,39.25,6.6,5.822,18.273,12.351,33.07,55.6,0.0,2.47,0.229,0
2026-09-09 15:20:00,E,39.26,7.65,5.581,18.826,12.523,34.5,58.5,0.0,2.12,0.254,0
2026-09-09 15:30:00,E,39.59,6.54,5.992,19.116,12.493,33.21,56.9,0.0,2.15,0.242,0
2026-09-09 15:40:00,E,39.2,7.28,5.751,18.074,12.168,33.24,60.0,0.0,1.63,0.256,0
2026-09-09 15:50:00,E,39.82,6.29,6.424,18.9,12.24,34.15,57.8,0.0,2.31,0.227,0
2026-09-09 16:00:00,E,39.61,7.3,5.938,18.177,12.519,32.91,60.6,0.0,0.97,0.244,0
2026-09-09 16:10:00,E,40.04,7.98,6.014,18.84,12.372,33.9,59.0,0.0,1.0,0.212,0
2026-09-09 16:20:00,E,39.58,8.91,6.053,18.717,12.397,33.32,57.3,0.0,1.98,0.209,0
2026-09-09 16:30:00,E,39.16,6.22,5.775,18.977,12.257,32.9,60.9,0.0,2.58,0.23,0
2026-09-09 16:40:00,E,39.78,7.71,5.826,19.056,12.399,32.9,62.7,0.0,2.16,0.205,0
2026-09-09 16:50:00,E,39.11,7.52,5.561,18.495,11.872,32.71,59.5,0.0,1.61,0.205,0
2026-09-09 17:00:00,E,38.91,9.18,6.148,19.22,12.481,32.95,63.5,0.0,1.9,0.226,0
2026-09-09 17:10:00,E,39.18,6.71,5.732,18.565,12.405,31.91,63.0,0.0,1.58,0.235,0
2026-09-09 17:20:00,E,39.26,6.28,5.443,18.796,11.746,32.23,60.7,0.0,1.13,0.232,0
2026-09-09 17:30:00,E,39.13,7.55,5.666,18.592,12.734,31.72,64.9,0.0,1.39,0.239,0
2026-09-09 17:40:00,E,38.64,6.91,6.529,20.057,12.307,32.27,62.2,0.0,1.36,0.245,0
2026-09-09 17:50:00,E,39.04,6.53,6.295,19.366,12.373,32.39,60.9,0.0,2.34,0.225,0
2026-09-09 18:00:00,E,39.04,6.63,5.561,18.674,13.039,31.34,66.5,0.0,1.12,0.248,0
2026-09-09 18:10:00,E,38.68,8.41,6.065,18.164,12.514,31.76,66.8,0.0,0.98,0.248,0
2026-09-09 18:20:00,E,38.94,6.69,6.05,19.316,12.152,31.52,67.4,0.0,1.74,0.25,0
2026-09-09 18:30:00,E,39.4,6.41,5.971,17.841,12.715,31.94,67.0,0.0,1.96,0.214,0
2026-09-09 18:40:00,E,38.65,7.4,6.443,19.981,12.047,31.92,67.3,0.0,1.42,0.235,0
2026-09-09 18:50:00,E,38.62,8.39,5.793,18.928,12.949,31.48,68.7,0.0,1.15,0.242,0
2026-09-09 19:00:00,E,38.25,8.2,6.493,18.838,12.81,31.28,68.0,0.0,2.15,0.225,0
2026-09-09 19:10:00,E,37.87,6.87,5.695,19.303,12.223,30.28,69.2,0.0,2.03,0.242,0
2026-09-09 19:20:00,E,38.58,8.55,6.046,18.937,12.257,31.35,67.0,0.0,1.55,0.236,0
2026-09-09 19:30:00,E,38.82,5.25,6.679,18.885,12.578,30.4,68.6,0.0,2.78,0.232,0
2026-09-09 19:40:00,E,38.13,5.57,6.11,18.335,12.397,30.78,68.7,0.0,2.07,0.213,0
2026-09-09 19:50:00,E,38.41,7.06,6.101,17.701,12.309,30.32,73.0,0.0,2.14,0.219,0
2026-09-09 20:00:00,E,38.85,9.79,5.755,19.116,12.348,30.25,74.3,0.0,1.89,0.249,0
2026-09-09 20:10:00,E,37.58,7.97,5.667,18.961,12.33,29.83,71.3,0.0,1.87,0.248,0
2026-09-09 20:20:00,E,38.25,8.64,5.831,18.371,11.841,29.76,73.5,0.0,2.32,0.218,0
2026-09-09 20:30:00,E,38.09,8.69,5.709,18.034,12.352,29.8,74.2,0.0,0.77,0.245,0
2026-09-09 20:40:00,E,37.12,7.45,6.218,18.226,12.297,30.0,73.4,0.0,0.29,0.248,0
2026-09-09 20:50:00,E,38.23,7.64,5.665,19.014,12.295,30.22,77.0,0.0,0.85,0.22,0
2026-09-09 21:00:00,E,37.15,7.99,5.723,17.948,11.886,29.4,74.2,0.0,2.95,0.236,0
2026-09-09 21:10:00,E,38.08,6.93,6.255,18.821,11.969,29.94,75.6,0.0,1.5,0.233,0
2026-09-09 21:20:00,E,37.36,6.32,5.789,19.053,12.501,28.89,73.4,0.0,1.63,0.213,0
2026-09-09 21:30:00,E,37.64,8.32,5.719,18.493,11.967,29.85,76.6,0.0,2.15,0.246,0
2026-09-09 21:40:00,E,38.01,6.59,6.115,18.874,12.762,28.97,74.3,0.0,2.24,0.264,0
2026-09-09 21:50:00,E,37.43,7.98,6.011,19.112,12.969,29.09,77.5,0.0,1.7,0.223,0
2026-09-09 22:00:00,E,37.34,7.72,5.577,18.286,12.517,29.15,77.4,0.0,2.55,0.215,0
2026-09-09 22:10:00,E,37.63,6.69,6.086,18.799,11.866,28.7,78.6,0.0,1.14,0.25,0
2026-09-09 22:20:00,E,37.23,6.99,5.621,19.169,12.736,28.86,77.0,0.0,0.89,0.251,0
2026-09-09 22:30:00,E,37.44,6.86,5.911,18.993,12.235,28.47,78.8,0.0,2.05,0.22,0
2026-09-09 22:40:00,E,37.44,6.86,5.762,18.946,12.574,28.46,78.7,0.0,2.13,0.216,0
2026-09-09 22:50:00,E,37.64,5.9,5.622,17.98,12.345,28.13,80.7,0.0,2.15,0.247,0
2026-09-09 23:00:00,E,37.22,7.58,5.99,18.594,12.554,28.17,80.1,0.0,2.25,0.219,0
2026-09-09 23:10:00,E,37.0,8.74,6.29,18.661,12.223,27.97,78.7,0.0,1.38,0.227,0
2026-09-09 23:20:00,E,37.4,6.27,5.783,19.531,12.607,27.73,80.4,0.0,1.47,0.224,0
2026-09-09 23:30:00,E,37.44,6.31,5.869,17.81,12.187,28.25,83.2,0.0,1.04,0.218,0
2026-09-09 23:40:00,E,37.23,7.03,5.978,18.707,12.349,27.63,79.6,0.0,1.17,0.228,0
2026-09-09 23:50:00,E,37.66,7.95,6.076,18.833,12.014,27.74,80.9,0.0,1.29,0.257,0
2026-09-10 00:00:00,E,37.5,7.37,5.508,18.685,12.641,28.31,81.4,0.0,0.92,0.216,0
2026-09-10 00:10:00,E,37.28,5.9,6.114,18.261,12.49,27.36,80.9,0.0,1.49,0.231,0
2026-09-10 00:20:00,E,36.89,8.84,5.818,18.118,12.272,27.81,77.8,0.0,1.58,0.235,0
2026-09-10 00:30:00,E,37.27,6.34,5.775,18.248,12.701,27.6,83.9,0.0,1.28,0.225,0
2026-09-10 00:40:00,E,37.64,7.83,6.037,17.185,12.27,27.58,79.5,0.0,2.36,0.246,0
2026-09-10 00:50:00,E,36.86,7.37,5.97,18.944,12.413,27.64,82.9,0.0,1.57,0.269,0
2026-09-10 01:00:00,E,37.16,6.53,6.048,19.607,13.188,28.39,81.9,0.0,1.37,0.25,0
2026-09-10 01:10:00,E,37.65,7.09,5.834,18.983,12.421,27.27,77.9,0.0,1.91,0.226,0
2026-09-10 01:20:00,E,36.94,5.16,6.244,18.857,12.433,28.21,80.1,0.0,1.64,0.26,0
2026-09-10 01:30:00,E,37.36,7.16,5.397,18.767,12.336,27.88,82.3,0.0,1.28,0.226,0
2026-09-10 01:40:00,E,36.8,6.23,6.131,18.637,12.457,27.92,82.2,0.0,2.13,0.232,0
2026-09-10 01:50:00,E,37.15,6.11,6.154,19.042,12.483,27.36,79.7,0.0,1.24,0.224,0
2026-09-10 02:00:00,E,36.97,7.09,5.828,18.116,12.236,27.73,81.2,0.0,2.9,0.238,0
2026-09-10 02:10:00,E,37.13,4.88,5.882,19.763,12.509,28.14,79.8,0.0,2.02,0.246,0
2026-09-10 02:20:00,E,36.72,6.68,6.098,18.028,12.392,27.93,79.4,0.0,1.34,0.252,0
2026-09-10 02:30:00,E,37.24,4.5,6.027,18.089,12.234,27.89,77.0,0.0,1.5,0.23,0
2026-09-10 02:40:00,E,37.55,7.36,5.82,17.712,12.308,28.5,79.4,0.0,1.69,0.231,0
2026-09-10 02:50:00,E,36.59,8.79,5.964,18.799,12.307,28.27,79.1,0.0,2.75,0.236,0
2026-09-10 03:00:00,E,37.5,8.32,6.048,18.612,12.34,27.5,79.9,0.0,1.93,0.206,0
2026-09-10 03:10:00,E,38.12,7.45,6.031,19.157,12.78,28.5,82.0,0.0,1.8,0.214,0
2026-09-10 03:20:00,E,36.96,7.49,5.914,17.724,12.715,28.61,79.3,0.0,2.21,0.238,0
2026-09-10 03:30:00,E,37.1,7.49,5.882,19.473,12.066,27.96,77.7,0.0,1.91,0.237,0
2026-09-10 03:40:00,E,37.55,6.04,6.027,18.638,12.155,28.44,77.0,0.0,2.14,0.217,0
2026-09-10 03:50:00,E,37.23,6.69,6.208,18.289,12.069,28.62,79.3,0.0,1.62,0.216,0
2026-09-10 04:00:00,E,37.39,7.02,5.912,18.435,12.395,28.81,78.0,0.0,1.41,0.227,0
2026-09-10 04:10:00,E,37.31,7.46,5.986,19.028,12.475,28.61,77.6,0.0,1.34,0.223,0
2026-09-10 04:20:00,E,37.14,6.94,5.604,17.944,12.308,28.55,75.6,0.0,1.72,0.232,0
2026-09-10 04:30:00,E,37.99,8.35,6.067,17.881,12.798,28.61,75.7,0.0,2.15,0.25,0
2026-09-10 04:40:00,E,37.53,5.93,5.909,18.749,12.027,29.17,74.5,0.0,2.06,0.232,0
2026-09-10 04:50:00,E,37.46,7.56,6.042,18.874,12.173,29.99,72.8,0.0,2.76,0.245,0
2026-09-10 05:00:00,E,37.36,7.76,5.794,17.859,12.474,29.56,75.5,0.0,2.18,0.26,0
2026-09-10 05:10:00,E,38.05,6.53,6.06,18.907,11.958,29.22,74.5,0.0,1.98,0.257,0
2026-09-10 05:20:00,E,38.51,7.81,5.676,18.718,12.075,30.36,72.0,0.0,1.67,0.222,0
2026-09-10 05:30:00,E,36.76,8.02,5.626,18.811,12.569,29.97,70.1,0.0,1.58,0.245,0
2026-09-10 05:40:00,E,37.8,7.39,5.97,18.546,12.428,30.18,72.4,0.0,1.31,0.248,0
2026-09-10 05:50:00,E,38.15,4.66,5.74,18.706,11.839,30.13,70.6,0.0,1.78,0.226,0
2026-09-10 06:00:00,E,37.86,9.36,6.124,18.581,12.227,30.55,70.0,0.0,1.85,0.245,0
2026-09-10 06:10:00,E,38.01,7.55,6.053,18.69,12.078,30.25,72.9,0.0,1.57,0.206,0
2026-09-10 06:20:00,E,38.42,5.74,5.942,18.888,12.24,31.16,69.9,0.0,2.13,0.207,0
2026-09-10 06:30:00,E,38.62,5.3,5.998,18.014,12.525,30.75,70.5,0.0,1.8,0.258,0
2026-09-10 06:40:00,E,38.28,5.71,5.917,17.889,12.182,30.85,71.0,0.0,1.92,0.223,0
2026-09-10 06:50:00,E,38.61,5.92,5.914,18.405,12.806,31.03,71.2,0.0,1.73,0.234,0
2026-09-10 07:00:00,E,37.93,7.65,5.848,18.728,12.7,30.84,66.5,0.0,2.24,0.217,0
2026-09-10 07:10:00,E,38.12,6.31,5.894,19.051,11.969,31.41,66.5,0.0,1.62,0.251,0
2026-09-10 07:20:00,E,38.77,5.8,5.747,18.773,12.46,31.7,65.6,0.0,2.22,0.214,0
2026-09-10 07:30:00,E,39.16,6.1,5.977,19.125,12.139,31.5,69.3,0.0,2.16,0.225,0
2026-09-10 07:40:00,E,38.66,7.06,5.804,19.15,12.801,31.58,64.7,0.0,2.19,0.206,0
2026-09-10 07:50:00,E,39.15,7.33,6.123,18.74,12.143,31.24,62.8,0.0,1.9,0.259,0
2026-09-10 08:00:00,E,38.19,7.03,6.047,19.432,12.234,31.96,65.6,0.0,2.43,0.245,0
2026-09-10 08:10:00,E,38.85,6.73,5.879,18.552,12.091,32.32,64.1,0.0,0.72,0.244,0
2026-09-10 08:20:00,E,38.83,8.22,5.733,18.836,12.355,32.36,61.5,0.0,1.87,0.198,0
2026-09-10 08:30:00,E,39.24,7.66,6.056,18.607,12.504,32.34,63.6,0.0,2.75,0.211,0
2026-09-10 08:40:00,E,39.49,9.13,5.898,17.708,12.689,32.52,60.4,0.0,2.14,0.247,0
2026-09-10 08:50:00,E,38.88,8.86,5.696,18.263,12.128,32.61,60.4,0.0,1.82,0.246,0
2026-09-10 09:00:00,E,39.68,7.36,5.887,18.317,12.039,32.03,61.8,0.0,1.41,0.258,0
2026-09-10 09:10:00,E,39.43,9.95,6.127,18.127,12.453,32.71,60.0,0.0,0.99,0.236,0
2026-09-10 09:20:00,E,39.04,6.89,6.298,19.309,12.515,32.05,62.7,0.0,1.47,0.246,0
2026-09-10 09:30:00,E,39.48,10.82,5.977,18.799,11.975,32.97,58.5,0.0,1.66,0.251,0
2026-09-10 09:40:00,E,39.44,6.92,6.102,19.224,12.89,33.22,60.5,0.0,1.96,0.255,0
2026-09-10 09:50:00,E,39.7,5.77,5.845,19.1,12.609,33.24,57.3,0.0,2.13,0.237,0
2026-09-10 10:00:00,E,39.5,5.51,6.163,19.408,12.178,33.02,57.9,0.0,1.73,0.227,0
2026-09-10 10:10:00,E,39.58,6.9,6.01,18.072,12.858,32.88,59.0,0.0,2.18,0.233,0
2026-09-10 10:20:00,E,39.55,6.95,5.688,18.284,11.678,33.53,60.1,0.0,1.44,0.228,0
2026-09-10 10:30:00,E,39.81,6.82,6.08,18.951,12.659,32.88,55.4,0.0,1.91,0.261,0
2026-09-10 10:40:00,E,39.49,7.36,5.822,18.913,12.518,33.92,53.4,0.0,2.86,0.251,0
2026-09-10 10:50:00,E,39.3,6.87,5.956,19.332,12.432,33.18,57.5,0.0,1.82,0.236,0
2026-09-10 11:00:00,E,39.02,8.58,5.699,18.709,12.133,34.24,59.5,0.0,2.17,0.229,0
2026-09-10 11:10:00,E,40.15,6.83,6.031,18.529,12.331,33.62,58.2,0.0,2.17,0.247,0
2026-09-10 11:20:00,E,39.81,8.95,6.016,19.307,12.321,33.95,58.1,0.0,1.87,0.241,0
2026-09-10 11:30:00,E,39.79,7.73,5.788,18.035,12.309,34.51,56.7,0.0,1.79,0.244,0
2026-09-10 11:40:00,E,39.78,5.6,5.898,18.589,12.223,34.24,55.1,0.0,0.99,0.223,0
2026-09-10 11:50:00,E,39.77,5.61,5.878,18.545,12.223,34.97,55.4,0.0,1.51,0.226,0
2026-09-10 12:00:00,E,39.8,7.16,5.548,18.215,12.511,34.45,56.7,0.0,2.03,0.243,0
2026-09-10 12:10:00,E,39.59,7.96,5.538,18.508,12.255,34.54,60.4,0.0,1.51,0.237,0
2026-09-10 12:20:00,E,39.73,7.63,6.01,19.263,11.883,33.85,51.4,0.0,2.52,0.24,0
2026-09-10 12:30:00,E,39.83,8.32,5.99,18.998,12.259,34.58,55.7,0.0,1.12,0.248,0
2026-09-10 12:40:00,E,38.95,8.93,6.079,18.653,12.475,34.42,57.4,0.0,1.93,0.244,0
2026-09-10 12:50:00,E,39.46,9.47,6.495,18.497,12.444,34.11,54.1,0.0,2.09,0.213,0
2026-09-10 13:00:00,E,40.04,6.87,5.48,18.86,12.317,33.77,54.0,0.0,1.36,0.233,0
2026-09-10 13:10:00,E,40.4,5.89,5.838,18.314,12.093,34.53,55.6,0.0,2.92,0.221,0
2026-09-10 13:20:00,E,39.98,9.44,6.16,19.484,12.031,34.28,57.5,0.0,1.44,0.225,0
2026-09-10 13:30:00,E,39.42,6.05,6.058,19.131,11.996,34.7,57.0,0.0,1.57,0.237,0
2026-09-10 13:40:00,E,39.6,8.8,6.138,17.078,12.528,33.93,54.1,0.0,1.29,0.208,0
2026-09-10 13:50:00,E,40.22,6.74,6.128,19.503,12.949,33.69,57.7,0.0,1.9,0.247,0
2026-09-10 14:00:00,E,39.65,7.99,5.88,18.982,12.117,34.07,57.2,0.0,1.16,0.211,0
2026-09-10 14:10:00,E,39.47,6.44,5.883,18.287,11.895,33.57,55.5,0.0,1.66,0.263,0
2026-09-10 14:20:00,E,40.28,7.36,5.933,19.218,12.457,33.82,56.4,0.0,0.56,0.245,0
2026-09-10 14:30:00,E,40.1,7.66,5.979,19.188,12.317,33.96,55.4,0.0,1.27,0.23,0
2026-09-10 14:40:00,E,39.83,8.57,6.001,18.765,12.336,33.83,55.6,0.0,1.82,0.267,0
2026-09-10 14:50:00,E,39.89,7.93,5.707,18.906,12.241,33.28,60.7,0.0,2.28,0.262,0
2026-09-10 15:00:00,E,39.47,8.58,6.33,18.388,12.423,33.24,54.6,0.0,2.76,0.209,0
2026-09-10 15:10:00,E,39.39,7.26,5.943,18.745,11.958,33.75,54.4,0.0,1.8,0.234,0
2026-09-10 15:20:00,E,40.0,8.14,5.813,18.414,12.411,33.55,56.8,0.0,2.27,0.227,0
2026-09-10 15:30:00,E,40.19,10.56,6.233,19.174,13.178,32.85,58.4,0.0,2.19,0.214,0
2026-09-10 15:40:00,E,39.74,6.67,6.45,18.828,12.327,33.62,59.8,0.0,2.16,0.231,0
2026-09-10 15:50:00,E,39.54,8.15,5.994,18.721,12.23,32.95,61.1,0.0,1.45,0.227,0
2026-09-10 16:00:00,E,39.46,6.56,5.862,19.779,12.574,32.92,57.6,0.0,2.86,0.226,0
2026-09-10 16:10:00,E,39.52,7.87,5.592,19.622,11.994,33.34,60.3,0.0,1.42,0.243,0
2026-09-10 16:20:00,E,39.84,9.0,5.923,18.847,12.229,33.03,60.6,0.0,2.0,0.223,0
2026-09-10 16:30:00,E,39.3,6.89,5.957,18.674,12.569,33.21,63.2,0.0,1.05,0.21,0
2026-09-10 16:40:00,E,39.37,5.14,5.811,19.085,12.371,32.66,58.0,0.0,1.96,0.25,0
2026-09-10 16:50:00,E,39.26,7.03,5.867,18.297,12.746,32.63,60.7,0.0,1.77,0.21,0
2026-09-10 17:00:00,E,38.89,5.69,5.882,19.016,12.796,33.07,62.5,0.0,1.66,0.213,0
2026-09-10 17:10:00,E,38.8,8.55,5.901,18.249,12.0,32.35,61.1,0.0,1.89,0.218,0
2026-09-10 17:20:00,E,39.24,6.39,6.056,18.637,12.007,31.9,62.7,0.0,2.01,0.226,0
2026-09-10 17:30:00,E,38.67,6.64,6.118,18.818,12.531,32.72,63.0,0.0,2.5,0.24,0
2026-09-10 17:40:00,E,39.54,6.9,5.844,19.35,12.277,31.96,61.4,0.0,1.47,0.237,0
2026-09-10 17:50:00,E,39.12,6.43,5.919,18.587,12.106,32.17,67.0,0.0,1.1,0.238,0
2026-09-10 18:00:00,E,38.62,7.41,6.063,18.274,12.534,31.15,65.4,0.0,2.17,0.258,0
2026-09-10 18:10:00,E,38.89,5.27,6.068,19.878,12.365,32.34,67.3,0.0,2.41,0.206,0
2026-09-10 18:20:00,E,38.97,6.52,6.044,18.105,12.45,31.57,64.5,0.0,1.16,0.218,0
2026-09-10 18:30:00,E,38.75,6.42,5.843,18.469,12.427,31.76,63.6,0.0,1.5,0.251,0
2026-09-10 18:40:00,E,38.83,8.19,6.243,18.598,12.449,31.23,67.2,0.0,1.22,0.24,0
2026-09-10 18:50:00,E,38.03,7.63,5.671,18.121,12.159,30.89,65.8,0.0,1.85,0.225,0
2026-09-10 19:00:00,E,38.99,7.84,5.952,18.864,12.461,31.14,69.6,0.0,0.58,0.24,0
2026-09-10 19:10:00,E,38.75,8.1,5.965,18.967,12.566,30.51,68.4,0.0,2.19,0.235,0
2026-09-10 19:20:00,E,38.52,5.6,5.788,18.053,12.598,31.36,70.7,0.0,1.37,0.213,0
2026-09-10 19:30:00,E,37.75,8.46,5.841,18.677,12.695,30.53,68.1,0.0,1.17,0.244,0
2026-09-10 19:40:00,E,38.1,5.7,5.812,18.559,12.152,30.79,68.9,0.0,1.0,0.219,0
2026-09-10 19:50:00,E,38.04,7.75,5.922,18.492,11.793,30.33,71.3,0.0,2.11,0.219,0
2026-09-10 20:00:00,E,37.32,5.65,5.776,18.285,12.845,30.91,73.1,0.0,2.29,0.232,0
2026-09-10 20:10:00,E,38.4,8.47,5.71,17.947,12.194,29.68,70.8,0.0,2.07,0.233,0
2026-09-10 20:20:00,E,37.69,8.16,5.682,18.889,12.277,30.7,73.6,0.0,2.17,0.243,0
2026-09-10 20:30:00,E,37.55,6.41,5.595,18.25,12.642,29.93,73.2,0.0,1.8,0.228,0
2026-09-10 20:40:00,E,37.69,8.14,5.987,18.057,12.566,29.54,73.2,0.0,1.57,0.243,0
2026-09-10 20:50:00,E,37.98,6.43,5.894,18.635,12.568,29.39,71.6,0.0,2.3,0.231,0
2026-09-10 21:00:00,E,37.66,7.29,5.614,19.111,12.24,29.48,72.7,0.0,0.83,0.21,0
2026-09-10 21:10:00,E,38.3,6.94,5.717,18.684,12.261,29.79,74.8,0.0,1.87,0.242,0
2026-09-10 21:20:00,E,37.37,7.03,6.058,17.763,12.293,29.69,73.6,0.0,1.16,0.251,0
2026-09-10 21:30:00,E,37.73,6.07,5.811,17.786,12.14,29.06,73.5,0.0,2.16,0.238,0
2026-09-10 21:40:00,E,37.1,6.1,5.804,18.201,12.687,28.89,75.3,0.0,1.25,0.224,0
2026-09-10 21:50:00,E,37.59,7.31,6.072,19.389,12.286,28.45,75.4,0.0,2.01,0.231,0
2026-09-10 22:00:00,E,36.75,7.27,5.753,19.123,11.918,29.44,79.3,0.0,1.89,0.23,0
2026-09-10 22:10:00,E,37.24,8.01,6.785,19.18,12.248,28.45,77.1,0.0,1.76,0.254,0
2026-09-10 22:20:00,E,37.82,6.79,5.781,18.514,13.054,28.24,76.1,0.0,1.92,0.238,0
2026-09-10 22:30:00,E,37.19,7.39,5.941,17.951,12.554,27.63,74.8,0.0,1.92,0.238,0
2026-09-10 22:40:00,E,37.46,6.69,6.323,17.896,12.664,28.37,76.9,0.0,1.73,0.24,0
2026-09-10 22:50:00,E,37.55,8.44,5.657,18.429,12.152,28.19,81.7,0.0,2.43,0.248,0
2026-09-10 23:00:00,E,36.78,7.51,6.351,19.239,12.535,27.96,83.1,0.0,2.69,0.227,0
2026-09-10 23:10:00,E,37.33,7.32,5.651,18.222,12.66,28.5,79.0,0.0,1.42,0.243,0
2026-09-10 23:20:00,E,36.67,7.1,6.126,17.882,11.736,27.4,78.4,0.0,2.24,0.23,0
2026-09-10 23:30:00,E,37.13,7.01,5.716,18.48,12.526,28.99,80.9,0.0,1.39,0.254,0
2026-09-10 23:40:00,E,37.45,8.1,5.408,18.69,12.352,28.11,80.8,0.0,2.51,0.231,0
2026-09-10 23:50:00,E,37.19,8.58,6.379,18.244,12.361,27.93,75.9,0.0,1.55,0.252,0
2026-09-11 00:00:00,E,37.67,6.43,5.769,19.594,12.375,27.53,79.2,0.0,2.41,0.202,0
2026-09-11 00:10:00,E,37.28,5.34,5.933,19.613,12.483,27.81,82.0,0.0,1.83,0.257,0
2026-09-11 00:20:00,E,37.11,7.09,5.922,18.575,12.68,27.63,80.4,0.0,0.95,0.217,0
2026-09-11 00:30:00,E,36.96,6.87,5.836,19.027,12.286,28.0,79.2,0.0,1.86,0.232,0
2026-09-11 00:40:00,E,37.58,6.42,5.886,18.54,12.587,28.08,80.4,0.0,1.79,0.24,0
2026-09-11 00:50:00,E,36.97,9.0,5.965,18.93,12.711,27.55,77.3,0.0,2.28,0.224,0
2026-09-11 01:00:00,E,37.19,6.9,6.148,18.225,12.25,27.78,81.5,0.0,1.82,0.209,0
2026-09-11 01:10:00,E,37.29,8.27,5.827,18.577,12.482,27.51,81.9,0.0,2.05,0.219,0
2026-09-11 01:20:00,E,36.82,6.4,5.978,18.465,12.386,27.64,79.1,0.0,2.01,0.239,0
2026-09-11 01:30:00,E,37.62,6.13,6.264,18.777,12.187,27.61,79.2,0.0,1.61,0.224,0
2026-09-11 01:40:00,E,37.01,5.98,5.966,19.359,12.315,28.09,81.8,0.0,2.72,0.241,0
2026-09-11 01:50:00,E,36.82,6.94,5.79,19.242,11.952,27.39,80.9,0.0,1.83,0.236,0
2026-09-11 02:00:00,E,37.37,8.32,5.914,18.651,12.359,28.24,80.9,0.0,1.48,0.222,0
2026-09-11 02:10:00,E,36.79,5.03,6.19,19.109,12.878,28.66,79.9,0.0,1.78,0.234,0
2026-09-11 02:20:00,E,36.74,6.02,5.85,19.073,12.138,27.99,81.1,0.0,1.63,0.23,0
2026-09-11 02:30:00,E,36.85,5.57,6.03,18.921,12.517,28.4,82.0,0.0,2.36,0.218,0
2026-09-11 02:40:00,E,37.1,8.72,6.086,19.349,11.928,27.68,74.7,0.0,2.54,0.215,0
2026-09-11 02:50:00,E,36.9,6.32,6.079,18.301,13.155,28.28,79.9,0.0,1.17,0.216,0
2026-09-11 03:00:00,E,37.96,6.08,5.955,18.532,12.344,28.11,76.5,0.0,2.04,0.233,0
2026-09-11 03:10:00,E,37.19,7.93,6.065,18.786,11.917,28.54,76.9,0.0,2.0,0.232,0
2026-09-11 03:20:00,E,37.69,7.95,5.926,18.601,11.632,28.4,78.5,0.0,1.46,0.227,0
2026-09-11 03:30:00,E,37.34,7.4,5.722,18.679,11.981,28.37,77.0,0.0,2.1,0.25,0
2026-09-11 03:40:00,E,36.93,8.36,6.34,18.681,12.155,27.87,79.5,0.0,2.08,0.214,0
2026-09-11 03:50:00,E,36.81,7.04,6.243,18.041,12.064,28.45,78.9,0.0,2.3,0.228,0
2026-09-11 04:00:00,E,38.03,7.36,6.266,19.352,13.224,29.15,77.1,0.0,2.32,0.228,0
2026-09-11 04:10:00,E,37.57,7.23,5.904,19.462,12.681,28.66,76.6,0.0,1.93,0.217,0
2026-09-11 04:20:00,E,37.39,6.73,6.202,18.205,12.125,29.96,77.1,0.0,0.77,0.235,0
2026-09-11 04:30:00,E,37.52,6.53,5.776,18.893,12.439,30.11,75.6,0.0,2.39,0.226,0
2026-09-11 04:40:00,E,38.16,8.37,5.967,17.279,12.664,29.21,77.6,0.0,1.82,0.255,0
2026-09-11 04:50:00,E,37.89,7.64,6.247,18.633,12.794,29.7,70.5,0.0,1.83,0.255,0
2026-09-11 05:00:00,E,37.97,6.96,5.933,19.511,11.951,29.08,74.0,0.0,1.67,0.229,0
2026-09-11 05:10:00,E,37.83,5.85,6.424,17.763,12.128,29.23,76.8,0.0,2.55,0.224,0
2026-09-11 05:20:00,E,37.75,5.6,5.5,19.355,12.341,29.8,79.1,0.0,2.16,0.227,0
2026-09-11 05:30:00,E,37.83,7.05,6.329,18.888,12.51,30.01,74.0,0.0,1.15,0.237,0
2026-09-11 05:40:00,E,38.35,8.1,5.959,19.083,12.69,29.88,71.5,0.0,1.21,0.254,0
2026-09-11 05:50:00,E,38.78,6.96,5.821,19.403,12.288,30.47,74.0,0.0,2.51,0.234,0
2026-09-11 06:00:00,E,37.76,7.75,5.869,19.407,12.093,29.58,70.2,0.0,2.89,0.22,0
2026-09-11 06:10:00,E,38.63,5.86,5.858,18.935,12.643,30.1,71.9,0.0,1.79,0.217,0
2026-09-11 06:20:00,E,37.77,7.62,5.846,19.245,12.217,30.19,72.1,0.0,1.79,0.202,0
2026-09-11 06:30:00,E,38.02,8.27,5.604,19.551,11.91,30.42,68.2,0.0,2.63,0.228,0
2026-09-11 06:40:00,E,38.53,7.8,5.79,18.595,12.344,31.18,72.5,0.0,1.31,0.236,0
2026-09-11 06:50:00,E,38.6,7.35,5.808,18.926,12.541,30.61,71.2,0.0,3.24,0.234,0
2026-09-11 07:00:00,E,38.95,6.37,6.315,18.776,12.127,30.92,66.6,0.0,1.24,0.237,0
2026-09-11 07:10:00,E,38.44,8.38,6.277,19.753,12.191,31.2,69.0,0.0,2.1,0.218,0
2026-09-11 07:20:00,E,38.23,7.29,5.947,18.395,12.253,30.91,67.8,0.0,1.81,0.248,0
2026-09-11 07:30:00,E,38.2,7.57,6.072,17.731,12.565,31.29,65.5,0.0,2.06,0.236,0
2026-09-11 07:40:00,E,39.0,7.33,5.686,19.115,12.223,32.03,61.7,0.0,1.63,0.218,0
2026-09-11 07:50:00,E,38.72,7.61,6.308,19.074,12.595,32.35,64.4,0.0,2.34,0.234,0
2026-09-11 08:00:00,E,38.56,7.36,5.983,19.035,12.758,32.44,68.7,0.0,2.07,0.213,0
2026-09-11 08:10:00,E,38.9,7.78,5.641,18.961,12.84,32.51,64.7,0.0,1.86,0.239,0
2026-09-11 08:20:00,E,39.24,8.05,5.821,18.737,12.553,32.1,62.2,0.0,2.79,0.232,0
2026-09-11 08:30:00,E,38.88,7.3,5.764,19.687,12.111,31.94,61.3,0.0,1.67,0.22,0
2026-09-11 08:40:00,E,39.13,9.49,6.056,19.561,12.205,32.11,63.4,0.0,1.56,0.218,0
2026-09-11 08:50:00,E,39.38,7.57,6.029,18.616,11.941,32.7,65.8,0.0,2.59,0.234,0
2026-09-11 09:00:00,E,38.82,8.6,6.153,19.054,12.737,32.77,61.0,0.0,1.5,0.235,0
2026-09-11 09:10:00,E,38.83,6.98,6.27,18.431,12.326,32.85,58.9,0.0,1.66,0.221,0
2026-09-11 09:20:00,E,39.69,5.76,5.814,18.813,12.101,32.99,58.5,0.0,1.18,0.229,0
2026-09-11 09:30:00,E,38.76,5.82,5.821,18.933,12.573,33.57,58.9,0.0,0.59,0.252,0
2026-09-11 09:40:00,E,39.44,8.3,5.894,19.031,12.243,32.73,58.5,0.0,1.17,0.218,0
2026-09-11 09:50:00,E,39.11,8.36,5.751,19.667,12.394,33.15,56.6,0.0,1.8,0.244,0
2026-09-11 10:00:00,E,39.67,5.46,5.88,18.209,12.629,33.1,56.9,0.0,2.92,0.211,0
